[23мар.2026 14:25:01.412] [main/INFO] [cpw.mods.modlauncher.Launcher/MODLAUNCHER]: ModLauncher running: args [--launchTarget, forgeclientuserdev, --version, MOD_DEV, --assetIndex, 5, --assetsDir, C:\Users\Sanek\.gradle\caches\forge_gradle\assets, --gameDir, ., --fml.forgeVersion, 47.4.0, --fml.mcVersion, 1.20.1, --fml.forgeGroup, net.minecraftforge, --fml.mcpVersion, 20230612.114412, --mixin.config, mixins.simpleraces.json]
[23мар.2026 14:25:01.419] [main/INFO] [cpw.mods.modlauncher.Launcher/MODLAUNCHER]: ModLauncher 10.0.9+10.0.9+main.dcd20f30 starting: java version 17.0.15 by Eclipse Adoptium; OS Windows 11 arch amd64 version 10.0
[23мар.2026 14:25:01.452] [main/DEBUG] [cpw.mods.modlauncher.LaunchServiceHandler/MODLAUNCHER]: Found launch services [fmlclientdev,forgeclient,minecraft,forgegametestserverdev,fmlserveruserdev,fmlclient,fmldatauserdev,forgeserverdev,forgeserveruserdev,forgeclientdev,forgeclientuserdev,forgeserver,forgedatadev,fmlserver,fmlclientuserdev,fmlserverdev,forgedatauserdev,testharness,forgegametestserveruserdev]
[23мар.2026 14:25:01.471] [main/DEBUG] [cpw.mods.modlauncher.NameMappingServiceHandler/MODLAUNCHER]: Found naming services : [srgtomcp]
[23мар.2026 14:25:01.488] [main/DEBUG] [cpw.mods.modlauncher.LaunchPluginHandler/MODLAUNCHER]: Found launch plugins: [mixin,eventbus,slf4jfixer,object_holder_definalize,runtime_enum_extender,capability_token_subclass,accesstransformer,runtimedistcleaner]
[23мар.2026 14:25:01.502] [main/DEBUG] [cpw.mods.modlauncher.TransformationServicesHandler/MODLAUNCHER]: Discovering transformation services
[23мар.2026 14:25:01.508] [main/DEBUG] [net.minecraftforge.fml.loading.FMLPaths/CORE]: Path GAMEDIR is C:\Users\Sanek\OneDrive\Рабочий стол\simple_races\run
[23мар.2026 14:25:01.508] [main/DEBUG] [net.minecraftforge.fml.loading.FMLPaths/CORE]: Path MODSDIR is C:\Users\Sanek\OneDrive\Рабочий стол\simple_races\run\mods
[23мар.2026 14:25:01.508] [main/DEBUG] [net.minecraftforge.fml.loading.FMLPaths/CORE]: Path CONFIGDIR is C:\Users\Sanek\OneDrive\Рабочий стол\simple_races\run\config
[23мар.2026 14:25:01.510] [main/DEBUG] [net.minecraftforge.fml.loading.FMLPaths/CORE]: Path FMLCONFIG is C:\Users\Sanek\OneDrive\Рабочий стол\simple_races\run\config\fml.toml
[23мар.2026 14:25:01.541] [main/DEBUG] [cpw.mods.modlauncher.TransformationServicesHandler/MODLAUNCHER]: Found additional transformation services from discovery services: 
[23мар.2026 14:25:01.545] [main/INFO] [net.minecraftforge.fml.loading.ImmediateWindowHandler/]: Loading ImmediateWindowProvider fmlearlywindow
[23мар.2026 14:25:01.620] [main/INFO] [EARLYDISPLAY/]: Trying GL version 4.6
[23мар.2026 14:25:01.691] [main/INFO] [EARLYDISPLAY/]: Requested GL version 4.6 got version 4.6
[23мар.2026 14:25:01.721] [main/DEBUG] [cpw.mods.modlauncher.TransformationServicesHandler/MODLAUNCHER]: Found transformer services : [mixin,fml]
[23мар.2026 14:25:01.722] [main/DEBUG] [cpw.mods.modlauncher.TransformationServicesHandler/MODLAUNCHER]: Transformation services loading
[23мар.2026 14:25:01.722] [main/DEBUG] [cpw.mods.modlauncher.TransformationServiceDecorator/MODLAUNCHER]: Loading service mixin
[23мар.2026 14:25:01.722] [main/DEBUG] [cpw.mods.modlauncher.TransformationServiceDecorator/MODLAUNCHER]: Loaded service mixin
[23мар.2026 14:25:01.723] [main/DEBUG] [cpw.mods.modlauncher.TransformationServiceDecorator/MODLAUNCHER]: Loading service fml
[23мар.2026 14:25:01.723] [main/DEBUG] [net.minecraftforge.fml.loading.LauncherVersion/CORE]: Found FMLLauncher version 1.0
[23мар.2026 14:25:01.723] [main/DEBUG] [net.minecraftforge.fml.loading.FMLLoader/CORE]: FML 1.0 loading
[23мар.2026 14:25:01.723] [main/DEBUG] [net.minecraftforge.fml.loading.FMLLoader/CORE]: FML found ModLauncher version : 10.0.9+10.0.9+main.dcd20f30
[23мар.2026 14:25:01.723] [main/DEBUG] [net.minecraftforge.fml.loading.FMLLoader/CORE]: Requesting CoreMods to not apply the fix for ASMAPI.findFirstInstructionBefore by default
[23мар.2026 14:25:01.723] [main/DEBUG] [net.minecraftforge.fml.loading.FMLLoader/CORE]: FML found AccessTransformer version : 8.0.4+66+master.c09db6d7
[23мар.2026 14:25:01.725] [main/DEBUG] [net.minecraftforge.fml.loading.FMLLoader/CORE]: FML found EventBus version : 6.0.5+6.0.5+master.eb8e549b
[23мар.2026 14:25:01.725] [main/DEBUG] [net.minecraftforge.fml.loading.FMLLoader/CORE]: Found Runtime Dist Cleaner
[23мар.2026 14:25:01.726] [main/DEBUG] [net.minecraftforge.coremod.CoreModEngine/]: CoreMods will preserve legacy behavior of ASMAPI.findFirstInstructionBefore for backwards-compatibility
[23мар.2026 14:25:01.726] [main/DEBUG] [net.minecraftforge.fml.loading.FMLLoader/CORE]: FML found CoreMod version : 5.2.4
[23мар.2026 14:25:01.726] [main/DEBUG] [net.minecraftforge.fml.loading.FMLLoader/CORE]: Found ForgeSPI package implementation version 7.0.1+7.0.1+master.d2b38bf6
[23мар.2026 14:25:01.726] [main/DEBUG] [net.minecraftforge.fml.loading.FMLLoader/CORE]: Found ForgeSPI package specification 5
[23мар.2026 14:25:01.726] [main/DEBUG] [cpw.mods.modlauncher.TransformationServiceDecorator/MODLAUNCHER]: Loaded service fml
[23мар.2026 14:25:01.728] [main/DEBUG] [cpw.mods.modlauncher.TransformationServicesHandler/MODLAUNCHER]: Configuring option handling for services
[23мар.2026 14:25:01.731] [main/DEBUG] [cpw.mods.modlauncher.TransformationServicesHandler/MODLAUNCHER]: Transformation services initializing
[23мар.2026 14:25:01.733] [main/DEBUG] [cpw.mods.modlauncher.TransformationServiceDecorator/MODLAUNCHER]: Initializing transformation service mixin
[23мар.2026 14:25:01.744] [main/DEBUG] [mixin/]: MixinService [ModLauncher] was successfully booted in cpw.mods.cl.ModuleClassLoader@19bb07ed
[23мар.2026 14:25:01.756] [main/INFO] [mixin/]: SpongePowered MIXIN Subsystem Version=0.8.5 Source=union:/C:/Users/Sanek/.gradle/caches/modules-2/files-2.1/org.spongepowered/mixin/0.8.5/9d1c0c3a304ae6697ecd477218fa61b850bf57fc/mixin-0.8.5.jar%23128!/ Service=ModLauncher Env=CLIENT
[23мар.2026 14:25:01.759] [main/DEBUG] [mixin/]: Initialising Mixin Platform Manager
[23мар.2026 14:25:01.759] [main/DEBUG] [mixin/]: Adding mixin platform agents for container ModLauncher Root Container(ModLauncher:4f56a0a2)
[23мар.2026 14:25:01.759] [main/DEBUG] [mixin/]: Instancing new MixinPlatformAgentMinecraftForge for ModLauncher Root Container(ModLauncher:4f56a0a2)
[23мар.2026 14:25:01.760] [main/DEBUG] [mixin/]: MixinPlatformAgentMinecraftForge rejected container ModLauncher Root Container(ModLauncher:4f56a0a2)
[23мар.2026 14:25:01.760] [main/DEBUG] [mixin/]: Instancing new MixinPlatformAgentDefault for ModLauncher Root Container(ModLauncher:4f56a0a2)
[23мар.2026 14:25:01.760] [main/DEBUG] [mixin/]: MixinPlatformAgentDefault accepted container ModLauncher Root Container(ModLauncher:4f56a0a2)
[23мар.2026 14:25:01.762] [main/DEBUG] [cpw.mods.modlauncher.TransformationServiceDecorator/MODLAUNCHER]: Initialized transformation service mixin
[23мар.2026 14:25:01.763] [main/DEBUG] [cpw.mods.modlauncher.TransformationServiceDecorator/MODLAUNCHER]: Initializing transformation service fml
[23мар.2026 14:25:01.763] [main/DEBUG] [net.minecraftforge.fml.loading.FMLServiceProvider/CORE]: Setting up basic FML game directories
[23мар.2026 14:25:01.763] [main/DEBUG] [net.minecraftforge.fml.loading.FMLPaths/CORE]: Path GAMEDIR is C:\Users\Sanek\OneDrive\Рабочий стол\simple_races\run
[23мар.2026 14:25:01.763] [main/DEBUG] [net.minecraftforge.fml.loading.FMLPaths/CORE]: Path MODSDIR is C:\Users\Sanek\OneDrive\Рабочий стол\simple_races\run\mods
[23мар.2026 14:25:01.763] [main/DEBUG] [net.minecraftforge.fml.loading.FMLPaths/CORE]: Path CONFIGDIR is C:\Users\Sanek\OneDrive\Рабочий стол\simple_races\run\config
[23мар.2026 14:25:01.763] [main/DEBUG] [net.minecraftforge.fml.loading.FMLPaths/CORE]: Path FMLCONFIG is C:\Users\Sanek\OneDrive\Рабочий стол\simple_races\run\config\fml.toml
[23мар.2026 14:25:01.763] [main/DEBUG] [net.minecraftforge.fml.loading.FMLServiceProvider/CORE]: Loading configuration
[23мар.2026 14:25:01.766] [main/DEBUG] [net.minecraftforge.fml.loading.FMLServiceProvider/CORE]: Preparing ModFile
[23мар.2026 14:25:01.768] [main/DEBUG] [net.minecraftforge.fml.loading.FMLServiceProvider/CORE]: Preparing launch handler
[23мар.2026 14:25:01.768] [main/DEBUG] [net.minecraftforge.fml.loading.FMLLoader/CORE]: Using forgeclientuserdev as launch service
[23мар.2026 14:25:01.772] [pool-2-thread-1/INFO] [EARLYDISPLAY/]: GL info: Intel(R) UHD Graphics GL version 4.6.0 - Build 27.20.100.9365, Intel
[23мар.2026 14:25:01.778] [main/DEBUG] [net.minecraftforge.fml.loading.FMLLoader/CORE]: Received command line version data  : VersionInfo[forgeVersion=47.4.0, mcVersion=1.20.1, mcpVersion=20230612.114412, forgeGroup=net.minecraftforge]
[23мар.2026 14:25:01.780] [main/DEBUG] [cpw.mods.modlauncher.TransformationServiceDecorator/MODLAUNCHER]: Initialized transformation service fml
[23мар.2026 14:25:01.781] [main/DEBUG] [cpw.mods.modlauncher.NameMappingServiceHandler/MODLAUNCHER]: Current naming domain is 'mcp'
[23мар.2026 14:25:01.781] [main/DEBUG] [cpw.mods.modlauncher.NameMappingServiceHandler/MODLAUNCHER]: Identified name mapping providers {srg=srgtomcp:1234}
[23мар.2026 14:25:01.781] [main/DEBUG] [cpw.mods.modlauncher.TransformationServicesHandler/MODLAUNCHER]: Transformation services begin scanning
[23мар.2026 14:25:01.783] [main/DEBUG] [cpw.mods.modlauncher.TransformationServiceDecorator/MODLAUNCHER]: Beginning scan trigger - transformation service mixin
[23мар.2026 14:25:01.783] [main/DEBUG] [cpw.mods.modlauncher.TransformationServiceDecorator/MODLAUNCHER]: End scan trigger - transformation service mixin
[23мар.2026 14:25:01.783] [main/DEBUG] [cpw.mods.modlauncher.TransformationServiceDecorator/MODLAUNCHER]: Beginning scan trigger - transformation service fml
[23мар.2026 14:25:01.783] [main/DEBUG] [net.minecraftforge.fml.loading.FMLServiceProvider/CORE]: Initiating mod scan
[23мар.2026 14:25:01.793] [main/DEBUG] [net.minecraftforge.fml.loading.moddiscovery.ModListHandler/CORE]: Found mod coordinates from lists: []
[23мар.2026 14:25:01.799] [main/DEBUG] [net.minecraftforge.fml.loading.moddiscovery.ModDiscoverer/CORE]: Found Mod Locators : (mods folder:null),(maven libs:null),(exploded directory:null),(minecraft:null),(userdev classpath:null)
[23мар.2026 14:25:01.799] [main/DEBUG] [net.minecraftforge.fml.loading.moddiscovery.ModDiscoverer/CORE]: Found Dependency Locators : (JarInJar:null)
[23мар.2026 14:25:01.806] [main/DEBUG] [net.minecraftforge.fml.loading.targets.CommonLaunchHandler/CORE]: Got mod coordinates simpleraces%%C:\Users\Sanek\OneDrive\Рабочий стол\simple_races\build\resources\main;simpleraces%%C:\Users\Sanek\OneDrive\Рабочий стол\simple_races\build\classes\java\main from env
[23мар.2026 14:25:01.808] [main/DEBUG] [net.minecraftforge.fml.loading.targets.CommonLaunchHandler/CORE]: Found supplied mod coordinates [{simpleraces=[C:\Users\Sanek\OneDrive\Рабочий стол\simple_races\build\resources\main, C:\Users\Sanek\OneDrive\Рабочий стол\simple_races\build\classes\java\main]}]
[23мар.2026 14:25:02.060] [main/DEBUG] [net.minecraftforge.fml.loading.moddiscovery.ModFileInfo/LOADING]: Found valid mod file forge-1.20.1-47.4.0_mapped_official_1.20.1.jar with {minecraft} mods - versions {1.20.1}
[23мар.2026 14:25:02.063] [main/DEBUG] [net.minecraftforge.fml.loading.moddiscovery.ModFileParser/LOADING]: Considering mod file candidate C:\Users\Sanek\.gradle\caches\modules-2\files-2.1\net.minecraftforge\javafmllanguage\1.20.1-47.4.0\f0c0b352173d0a378cbdcec9cfc4ba65899a721\javafmllanguage-1.20.1-47.4.0.jar
[23мар.2026 14:25:02.065] [main/WARN] [net.minecraftforge.fml.loading.moddiscovery.ModFileParser/LOADING]: Mod file C:\Users\Sanek\.gradle\caches\modules-2\files-2.1\net.minecraftforge\javafmllanguage\1.20.1-47.4.0\f0c0b352173d0a378cbdcec9cfc4ba65899a721\javafmllanguage-1.20.1-47.4.0.jar is missing mods.toml file
[23мар.2026 14:25:02.066] [main/DEBUG] [net.minecraftforge.fml.loading.moddiscovery.ModFileParser/LOADING]: Considering mod file candidate C:\Users\Sanek\.gradle\caches\modules-2\files-2.1\net.minecraftforge\lowcodelanguage\1.20.1-47.4.0\e862740d8c84d08dbfedea412bef88fe42e727c5\lowcodelanguage-1.20.1-47.4.0.jar
[23мар.2026 14:25:02.068] [main/WARN] [net.minecraftforge.fml.loading.moddiscovery.ModFileParser/LOADING]: Mod file C:\Users\Sanek\.gradle\caches\modules-2\files-2.1\net.minecraftforge\lowcodelanguage\1.20.1-47.4.0\e862740d8c84d08dbfedea412bef88fe42e727c5\lowcodelanguage-1.20.1-47.4.0.jar is missing mods.toml file
[23мар.2026 14:25:02.069] [main/DEBUG] [net.minecraftforge.fml.loading.moddiscovery.ModFileParser/LOADING]: Considering mod file candidate C:\Users\Sanek\.gradle\caches\modules-2\files-2.1\net.minecraftforge\mclanguage\1.20.1-47.4.0\5719b3a297a33f877ed5dde4cb4bd75c859096af\mclanguage-1.20.1-47.4.0.jar
[23мар.2026 14:25:02.069] [main/WARN] [net.minecraftforge.fml.loading.moddiscovery.ModFileParser/LOADING]: Mod file C:\Users\Sanek\.gradle\caches\modules-2\files-2.1\net.minecraftforge\mclanguage\1.20.1-47.4.0\5719b3a297a33f877ed5dde4cb4bd75c859096af\mclanguage-1.20.1-47.4.0.jar is missing mods.toml file
[23мар.2026 14:25:02.072] [main/DEBUG] [net.minecraftforge.fml.loading.moddiscovery.ModFileParser/LOADING]: Considering mod file candidate C:\Users\Sanek\.gradle\caches\modules-2\files-2.1\net.minecraftforge\fmlcore\1.20.1-47.4.0\235975dafa4309945b59c56b53f31dc5b65a6051\fmlcore-1.20.1-47.4.0.jar
[23мар.2026 14:25:02.074] [main/WARN] [net.minecraftforge.fml.loading.moddiscovery.ModFileParser/LOADING]: Mod file C:\Users\Sanek\.gradle\caches\modules-2\files-2.1\net.minecraftforge\fmlcore\1.20.1-47.4.0\235975dafa4309945b59c56b53f31dc5b65a6051\fmlcore-1.20.1-47.4.0.jar is missing mods.toml file
[23мар.2026 14:25:02.079] [main/DEBUG] [net.minecraftforge.fml.loading.moddiscovery.ModFileParser/LOADING]: Considering mod file candidate C:\Users\Sanek\OneDrive\Рабочий стол\simple_races\build\resources\main
[23мар.2026 14:25:02.086] [main/DEBUG] [net.minecraftforge.fml.loading.moddiscovery.ModFileInfo/LOADING]: Found valid mod file main with {simpleraces} mods - versions {1.0.2}
[23мар.2026 14:25:02.089] [main/DEBUG] [net.minecraftforge.fml.loading.moddiscovery.ModFileParser/LOADING]: Considering mod file candidate /
[23мар.2026 14:25:02.093] [main/DEBUG] [net.minecraftforge.fml.loading.moddiscovery.ModFileInfo/LOADING]: Found valid mod file  with {forge} mods - versions {47.4.0}
[23мар.2026 14:25:02.115] [main/DEBUG] [net.minecraftforge.fml.loading.moddiscovery.ModFileParser/LOADING]: Considering mod file candidate C:\Users\Sanek\OneDrive\Рабочий стол\simple_races\run\libs\weightmod-1.0.0-deobf.jar
[23мар.2026 14:25:02.116] [main/DEBUG] [net.minecraftforge.fml.loading.moddiscovery.ModFileInfo/LOADING]: Found valid mod file weightmod-1.0.0-deobf.jar with {weightmod} mods - versions {1.0.0}
[23мар.2026 14:25:02.119] [main/DEBUG] [net.minecraftforge.fml.loading.moddiscovery.ModFileParser/LOADING]: Considering mod file candidate C:\Users\Sanek\.gradle\caches\forge_gradle\deobf_dependencies\curse\maven\kleiders-custom-renderer-api-682065\6475112_mapped_official_1.20.1\kleiders-custom-renderer-api-682065-6475112_mapped_official_1.20.1.jar
[23мар.2026 14:25:02.121] [main/DEBUG] [net.minecraftforge.fml.loading.moddiscovery.ModFileInfo/LOADING]: Found valid mod file kleiders-custom-renderer-api-682065-6475112_mapped_official_1.20.1.jar with {kleiders_custom_renderer} mods - versions {7.4.0}
[23мар.2026 14:25:02.124] [main/DEBUG] [net.minecraftforge.fml.loading.moddiscovery.ModFileParser/LOADING]: Considering mod file candidate C:\Users\Sanek\.gradle\caches\forge_gradle\deobf_dependencies\curse\maven\pehkui-319596\4641059_mapped_official_1.20.1\pehkui-319596-4641059_mapped_official_1.20.1.jar
[23мар.2026 14:25:02.125] [main/DEBUG] [net.minecraftforge.fml.loading.moddiscovery.ModFileInfo/LOADING]: Found valid mod file pehkui-319596-4641059_mapped_official_1.20.1.jar with {pehkui} mods - versions {3.7.7+1.20.1-forge}
[23мар.2026 14:25:02.128] [main/DEBUG] [net.minecraftforge.fml.loading.moddiscovery.ModFileParser/LOADING]: Considering mod file candidate C:\Users\Sanek\.gradle\caches\forge_gradle\deobf_dependencies\curse\maven\curios-309927\6418456_mapped_official_1.20.1\curios-309927-6418456_mapped_official_1.20.1.jar
[23мар.2026 14:25:02.131] [main/DEBUG] [net.minecraftforge.fml.loading.moddiscovery.ModFileInfo/LOADING]: Found valid mod file curios-309927-6418456_mapped_official_1.20.1.jar with {curios} mods - versions {5.14.1+1.20.1}
[23мар.2026 14:25:02.134] [main/DEBUG] [net.minecraftforge.fml.loading.moddiscovery.ModFileParser/LOADING]: Considering mod file candidate C:\Users\Sanek\.gradle\caches\forge_gradle\deobf_dependencies\curse\maven\geckolib-388172\6789487_mapped_official_1.20.1\geckolib-388172-6789487_mapped_official_1.20.1.jar
[23мар.2026 14:25:02.136] [main/DEBUG] [net.minecraftforge.fml.loading.moddiscovery.ModFileInfo/LOADING]: Found valid mod file geckolib-388172-6789487_mapped_official_1.20.1.jar with {geckolib} mods - versions {4.7.3}
[23мар.2026 14:25:02.139] [main/DEBUG] [net.minecraftforge.fml.loading.moddiscovery.ModFileParser/LOADING]: Considering mod file candidate C:\Users\Sanek\.gradle\caches\forge_gradle\deobf_dependencies\curse\maven\playeranimator-658587\4587214_mapped_official_1.20.1\playeranimator-658587-4587214_mapped_official_1.20.1.jar
[23мар.2026 14:25:02.139] [main/DEBUG] [net.minecraftforge.fml.loading.moddiscovery.ModFileInfo/LOADING]: Found valid mod file playeranimator-658587-4587214_mapped_official_1.20.1.jar with {playeranimator} mods - versions {1.0.2-rc1+1.20}
[23мар.2026 14:25:02.140] [main/DEBUG] [net.minecraftforge.fml.loading.moddiscovery.ModFileParser/LOADING]: Considering mod file candidate C:\Users\Sanek\.gradle\caches\forge_gradle\deobf_dependencies\curse\maven\caelus-308989\5281700_mapped_official_1.20.1\caelus-308989-5281700_mapped_official_1.20.1.jar
[23мар.2026 14:25:02.142] [main/DEBUG] [net.minecraftforge.fml.loading.moddiscovery.ModFileInfo/LOADING]: Found valid mod file caelus-308989-5281700_mapped_official_1.20.1.jar with {caelus} mods - versions {3.2.0+1.20.1}
[23мар.2026 14:25:02.146] [main/DEBUG] [net.minecraftforge.fml.loading.moddiscovery.ModFileParser/LOADING]: Considering mod file candidate C:\Users\Sanek\.gradle\caches\forge_gradle\deobf_dependencies\curse\maven\irons-spells-n-spellbooks-855414\6833927_mapped_official_1.20.1\irons-spells-n-spellbooks-855414-6833927_mapped_official_1.20.1.jar
[23мар.2026 14:25:02.149] [main/DEBUG] [net.minecraftforge.fml.loading.moddiscovery.ModFileInfo/LOADING]: Found valid mod file irons-spells-n-spellbooks-855414-6833927_mapped_official_1.20.1.jar with {irons_spellbooks} mods - versions {1.20.1-3.4.0.10}
[23мар.2026 14:25:02.150] [main/DEBUG] [net.minecraftforge.fml.loading.moddiscovery.ModFileParser/LOADING]: Considering mod file candidate C:\Users\Sanek\OneDrive\Рабочий стол\simple_races\run\libs\weightmod-1.0.0-deobf.jar
[23мар.2026 14:25:02.152] [main/DEBUG] [net.minecraftforge.fml.loading.moddiscovery.ModFileInfo/LOADING]: Found valid mod file weightmod-1.0.0-deobf.jar with {weightmod} mods - versions {1.0.0}
[23мар.2026 14:25:02.156] [main/DEBUG] [net.minecraftforge.fml.loading.moddiscovery.ModFileParser/LOADING]: Considering mod file candidate C:\Users\Sanek\.gradle\caches\forge_gradle\deobf_dependencies\curse\maven\kleiders-custom-renderer-api-682065\6475112_mapped_official_1.20.1\kleiders-custom-renderer-api-682065-6475112_mapped_official_1.20.1.jar
[23мар.2026 14:25:02.156] [main/DEBUG] [net.minecraftforge.fml.loading.moddiscovery.ModFileInfo/LOADING]: Found valid mod file kleiders-custom-renderer-api-682065-6475112_mapped_official_1.20.1.jar with {kleiders_custom_renderer} mods - versions {7.4.0}
[23мар.2026 14:25:02.159] [main/DEBUG] [net.minecraftforge.fml.loading.moddiscovery.ModFileParser/LOADING]: Considering mod file candidate C:\Users\Sanek\.gradle\caches\forge_gradle\deobf_dependencies\curse\maven\pehkui-319596\4641059_mapped_official_1.20.1\pehkui-319596-4641059_mapped_official_1.20.1.jar
[23мар.2026 14:25:02.159] [main/DEBUG] [net.minecraftforge.fml.loading.moddiscovery.ModFileInfo/LOADING]: Found valid mod file pehkui-319596-4641059_mapped_official_1.20.1.jar with {pehkui} mods - versions {3.7.7+1.20.1-forge}
[23мар.2026 14:25:02.162] [main/DEBUG] [net.minecraftforge.fml.loading.moddiscovery.ModFileParser/LOADING]: Considering mod file candidate C:\Users\Sanek\.gradle\caches\forge_gradle\deobf_dependencies\curse\maven\curios-309927\6418456_mapped_official_1.20.1\curios-309927-6418456_mapped_official_1.20.1.jar
[23мар.2026 14:25:02.163] [main/DEBUG] [net.minecraftforge.fml.loading.moddiscovery.ModFileInfo/LOADING]: Found valid mod file curios-309927-6418456_mapped_official_1.20.1.jar with {curios} mods - versions {5.14.1+1.20.1}
[23мар.2026 14:25:02.166] [main/DEBUG] [net.minecraftforge.fml.loading.moddiscovery.ModFileParser/LOADING]: Considering mod file candidate C:\Users\Sanek\.gradle\caches\forge_gradle\deobf_dependencies\curse\maven\geckolib-388172\6789487_mapped_official_1.20.1\geckolib-388172-6789487_mapped_official_1.20.1.jar
[23мар.2026 14:25:02.168] [main/DEBUG] [net.minecraftforge.fml.loading.moddiscovery.ModFileInfo/LOADING]: Found valid mod file geckolib-388172-6789487_mapped_official_1.20.1.jar with {geckolib} mods - versions {4.7.3}
[23мар.2026 14:25:02.170] [main/DEBUG] [net.minecraftforge.fml.loading.moddiscovery.ModFileParser/LOADING]: Considering mod file candidate C:\Users\Sanek\.gradle\caches\forge_gradle\deobf_dependencies\curse\maven\playeranimator-658587\4587214_mapped_official_1.20.1\playeranimator-658587-4587214_mapped_official_1.20.1.jar
[23мар.2026 14:25:02.172] [main/DEBUG] [net.minecraftforge.fml.loading.moddiscovery.ModFileInfo/LOADING]: Found valid mod file playeranimator-658587-4587214_mapped_official_1.20.1.jar with {playeranimator} mods - versions {1.0.2-rc1+1.20}
[23мар.2026 14:25:02.173] [main/DEBUG] [net.minecraftforge.fml.loading.moddiscovery.ModFileParser/LOADING]: Considering mod file candidate C:\Users\Sanek\.gradle\caches\forge_gradle\deobf_dependencies\curse\maven\caelus-308989\5281700_mapped_official_1.20.1\caelus-308989-5281700_mapped_official_1.20.1.jar
[23мар.2026 14:25:02.175] [main/DEBUG] [net.minecraftforge.fml.loading.moddiscovery.ModFileInfo/LOADING]: Found valid mod file caelus-308989-5281700_mapped_official_1.20.1.jar with {caelus} mods - versions {3.2.0+1.20.1}
[23мар.2026 14:25:02.179] [main/DEBUG] [net.minecraftforge.fml.loading.moddiscovery.ModFileParser/LOADING]: Considering mod file candidate C:\Users\Sanek\.gradle\caches\forge_gradle\deobf_dependencies\curse\maven\irons-spells-n-spellbooks-855414\6833927_mapped_official_1.20.1\irons-spells-n-spellbooks-855414-6833927_mapped_official_1.20.1.jar
[23мар.2026 14:25:02.181] [main/DEBUG] [net.minecraftforge.fml.loading.moddiscovery.ModFileInfo/LOADING]: Found valid mod file irons-spells-n-spellbooks-855414-6833927_mapped_official_1.20.1.jar with {irons_spellbooks} mods - versions {1.20.1-3.4.0.10}
[23мар.2026 14:25:02.188] [main/DEBUG] [net.minecraftforge.fml.loading.UniqueModListBuilder/]: Found 2 mods for first modid irons_spellbooks, selecting most recent based on version data
[23мар.2026 14:25:02.188] [main/DEBUG] [net.minecraftforge.fml.loading.UniqueModListBuilder/]: Selected file irons-spells-n-spellbooks-855414-6833927_mapped_official_1.20.1.jar for modid irons_spellbooks with version 1.20.1-3.4.0.10
[23мар.2026 14:25:02.188] [main/DEBUG] [net.minecraftforge.fml.loading.UniqueModListBuilder/]: Found 2 mods for first modid pehkui, selecting most recent based on version data
[23мар.2026 14:25:02.188] [main/DEBUG] [net.minecraftforge.fml.loading.UniqueModListBuilder/]: Selected file pehkui-319596-4641059_mapped_official_1.20.1.jar for modid pehkui with version 3.7.7+1.20.1-forge
[23мар.2026 14:25:02.190] [main/DEBUG] [net.minecraftforge.fml.loading.UniqueModListBuilder/]: Found 2 mods for first modid caelus, selecting most recent based on version data
[23мар.2026 14:25:02.190] [main/DEBUG] [net.minecraftforge.fml.loading.UniqueModListBuilder/]: Selected file caelus-308989-5281700_mapped_official_1.20.1.jar for modid caelus with version 3.2.0+1.20.1
[23мар.2026 14:25:02.190] [main/DEBUG] [net.minecraftforge.fml.loading.UniqueModListBuilder/]: Found 2 mods for first modid curios, selecting most recent based on version data
[23мар.2026 14:25:02.190] [main/DEBUG] [net.minecraftforge.fml.loading.UniqueModListBuilder/]: Selected file curios-309927-6418456_mapped_official_1.20.1.jar for modid curios with version 5.14.1+1.20.1
[23мар.2026 14:25:02.190] [main/DEBUG] [net.minecraftforge.fml.loading.UniqueModListBuilder/]: Found 2 mods for first modid kleiders_custom_renderer, selecting most recent based on version data
[23мар.2026 14:25:02.190] [main/DEBUG] [net.minecraftforge.fml.loading.UniqueModListBuilder/]: Selected file kleiders-custom-renderer-api-682065-6475112_mapped_official_1.20.1.jar for modid kleiders_custom_renderer with version 7.4.0
[23мар.2026 14:25:02.190] [main/DEBUG] [net.minecraftforge.fml.loading.UniqueModListBuilder/]: Found 2 mods for first modid geckolib, selecting most recent based on version data
[23мар.2026 14:25:02.190] [main/DEBUG] [net.minecraftforge.fml.loading.UniqueModListBuilder/]: Selected file geckolib-388172-6789487_mapped_official_1.20.1.jar for modid geckolib with version 4.7.3
[23мар.2026 14:25:02.190] [main/DEBUG] [net.minecraftforge.fml.loading.UniqueModListBuilder/]: Found 2 mods for first modid playeranimator, selecting most recent based on version data
[23мар.2026 14:25:02.190] [main/DEBUG] [net.minecraftforge.fml.loading.UniqueModListBuilder/]: Selected file playeranimator-658587-4587214_mapped_official_1.20.1.jar for modid playeranimator with version 1.0.2-rc1+1.20
[23мар.2026 14:25:02.190] [main/DEBUG] [net.minecraftforge.fml.loading.UniqueModListBuilder/]: Found 2 mods for first modid weightmod, selecting most recent based on version data
[23мар.2026 14:25:02.190] [main/DEBUG] [net.minecraftforge.fml.loading.UniqueModListBuilder/]: Selected file weightmod-1.0.0-deobf.jar for modid weightmod with version 1.0.0
[23мар.2026 14:25:02.198] [main/DEBUG] [net.minecraftforge.fml.loading.moddiscovery.AbstractJarFileDependencyLocator/]: Failed to load resource META-INF\jarjar\metadata.json from irons-spells-n-spellbooks-855414-6833927_mapped_official_1.20.1.jar, it does not contain dependency information.
[23мар.2026 14:25:02.200] [main/DEBUG] [net.minecraftforge.fml.loading.moddiscovery.AbstractJarFileDependencyLocator/]: Failed to load resource META-INF\jarjar\metadata.json from forge-1.20.1-47.4.0_mapped_official_1.20.1.jar, it does not contain dependency information.
[23мар.2026 14:25:02.201] [main/DEBUG] [net.minecraftforge.fml.loading.moddiscovery.AbstractJarFileDependencyLocator/]: Failed to load resource META-INF\jarjar\metadata.json from main, it does not contain dependency information.
[23мар.2026 14:25:02.201] [main/DEBUG] [net.minecraftforge.fml.loading.moddiscovery.AbstractJarFileDependencyLocator/]: Failed to load resource META-INF\jarjar\metadata.json from pehkui-319596-4641059_mapped_official_1.20.1.jar, it does not contain dependency information.
[23мар.2026 14:25:02.201] [main/DEBUG] [net.minecraftforge.fml.loading.moddiscovery.AbstractJarFileDependencyLocator/]: Failed to load resource META-INF\jarjar\metadata.json from caelus-308989-5281700_mapped_official_1.20.1.jar, it does not contain dependency information.
[23мар.2026 14:25:02.201] [main/DEBUG] [net.minecraftforge.fml.loading.moddiscovery.AbstractJarFileDependencyLocator/]: Failed to load resource META-INF\jarjar\metadata.json from , it does not contain dependency information.
[23мар.2026 14:25:02.201] [main/DEBUG] [net.minecraftforge.fml.loading.moddiscovery.AbstractJarFileDependencyLocator/]: Failed to load resource META-INF\jarjar\metadata.json from curios-309927-6418456_mapped_official_1.20.1.jar, it does not contain dependency information.
[23мар.2026 14:25:02.201] [main/DEBUG] [net.minecraftforge.fml.loading.moddiscovery.AbstractJarFileDependencyLocator/]: Failed to load resource META-INF\jarjar\metadata.json from kleiders-custom-renderer-api-682065-6475112_mapped_official_1.20.1.jar, it does not contain dependency information.
[23мар.2026 14:25:02.201] [main/DEBUG] [net.minecraftforge.fml.loading.moddiscovery.AbstractJarFileDependencyLocator/]: Failed to load resource META-INF\jarjar\metadata.json from playeranimator-658587-4587214_mapped_official_1.20.1.jar, it does not contain dependency information.
[23мар.2026 14:25:02.201] [main/DEBUG] [net.minecraftforge.fml.loading.moddiscovery.AbstractJarFileDependencyLocator/]: Failed to load resource META-INF\jarjar\metadata.json from weightmod-1.0.0-deobf.jar, it does not contain dependency information.
[23мар.2026 14:25:02.203] [main/DEBUG] [net.minecraftforge.fml.loading.moddiscovery.AbstractJarFileDependencyLocator/]: Failed to load resource META-INF\jarjar\metadata.json from mclanguage-1.20.1-47.4.0.jar, it does not contain dependency information.
[23мар.2026 14:25:02.203] [main/DEBUG] [net.minecraftforge.fml.loading.moddiscovery.AbstractJarFileDependencyLocator/]: Failed to load resource META-INF\jarjar\metadata.json from javafmllanguage-1.20.1-47.4.0.jar, it does not contain dependency information.
[23мар.2026 14:25:02.203] [main/DEBUG] [net.minecraftforge.fml.loading.moddiscovery.AbstractJarFileDependencyLocator/]: Failed to load resource META-INF\jarjar\metadata.json from fmlcore-1.20.1-47.4.0.jar, it does not contain dependency information.
[23мар.2026 14:25:02.203] [main/DEBUG] [net.minecraftforge.fml.loading.moddiscovery.AbstractJarFileDependencyLocator/]: Failed to load resource META-INF\jarjar\metadata.json from lowcodelanguage-1.20.1-47.4.0.jar, it does not contain dependency information.
[23мар.2026 14:25:02.283] [main/DEBUG] [net.minecraftforge.fml.loading.moddiscovery.AbstractJarFileDependencyLocator/]: Failed to load resource META-INF\jarjar\metadata.json from mclib-20.jar, it does not contain dependency information.
[23мар.2026 14:25:02.311] [main/INFO] [net.minecraftforge.fml.loading.moddiscovery.JarInJarDependencyLocator/]: Found 1 dependencies adding them to mods collection
[23мар.2026 14:25:02.314] [main/DEBUG] [net.minecraftforge.fml.loading.moddiscovery.ModFileInfo/LOADING]: Found valid mod file forge-1.20.1-47.4.0_mapped_official_1.20.1.jar with {minecraft} mods - versions {1.20.1}
[23мар.2026 14:25:02.317] [main/DEBUG] [net.minecraftforge.fml.loading.moddiscovery.ModFile/LOADING]: Loading mod file C:\Users\Sanek\.gradle\caches\forge_gradle\minecraft_user_repo\net\minecraftforge\forge\1.20.1-47.4.0_mapped_official_1.20.1\forge-1.20.1-47.4.0_mapped_official_1.20.1.jar with languages [LanguageSpec[languageName=minecraft, acceptedVersions=1]]
[23мар.2026 14:25:02.317] [main/DEBUG] [net.minecraftforge.fml.loading.moddiscovery.ModFileParser/LOADING]: Considering mod file candidate C:\Users\Sanek\.gradle\caches\forge_gradle\deobf_dependencies\curse\maven\irons-spells-n-spellbooks-855414\6833927_mapped_official_1.20.1\irons-spells-n-spellbooks-855414-6833927_mapped_official_1.20.1.jar
[23мар.2026 14:25:02.319] [main/DEBUG] [net.minecraftforge.fml.loading.moddiscovery.ModFileInfo/LOADING]: Found valid mod file irons-spells-n-spellbooks-855414-6833927_mapped_official_1.20.1.jar with {irons_spellbooks} mods - versions {1.20.1-3.4.0.10}
[23мар.2026 14:25:02.319] [main/DEBUG] [net.minecraftforge.fml.loading.moddiscovery.ModFile/LOADING]: Loading mod file C:\Users\Sanek\.gradle\caches\forge_gradle\deobf_dependencies\curse\maven\irons-spells-n-spellbooks-855414\6833927_mapped_official_1.20.1\irons-spells-n-spellbooks-855414-6833927_mapped_official_1.20.1.jar with languages [LanguageSpec[languageName=javafml, acceptedVersions=[47,)]]
[23мар.2026 14:25:02.320] [main/DEBUG] [net.minecraftforge.fml.loading.moddiscovery.ModFileParser/LOADING]: Considering mod file candidate C:\Users\Sanek\OneDrive\Рабочий стол\simple_races\build\resources\main
[23мар.2026 14:25:02.321] [main/DEBUG] [net.minecraftforge.fml.loading.moddiscovery.ModFileInfo/LOADING]: Found valid mod file main with {simpleraces} mods - versions {1.0.2}
[23мар.2026 14:25:02.321] [main/DEBUG] [net.minecraftforge.fml.loading.moddiscovery.ModFile/LOADING]: Loading mod file C:\Users\Sanek\OneDrive\Рабочий стол\simple_races\build\resources\main with languages [LanguageSpec[languageName=javafml, acceptedVersions=[47,)]]
[23мар.2026 14:25:02.321] [main/DEBUG] [net.minecraftforge.fml.loading.moddiscovery.ModFileParser/LOADING]: Considering mod file candidate C:\Users\Sanek\.gradle\caches\forge_gradle\deobf_dependencies\curse\maven\pehkui-319596\4641059_mapped_official_1.20.1\pehkui-319596-4641059_mapped_official_1.20.1.jar
[23мар.2026 14:25:02.323] [main/DEBUG] [net.minecraftforge.fml.loading.moddiscovery.ModFileInfo/LOADING]: Found valid mod file pehkui-319596-4641059_mapped_official_1.20.1.jar with {pehkui} mods - versions {3.7.7+1.20.1-forge}
[23мар.2026 14:25:02.323] [main/DEBUG] [net.minecraftforge.fml.loading.moddiscovery.ModFile/LOADING]: Loading mod file C:\Users\Sanek\.gradle\caches\forge_gradle\deobf_dependencies\curse\maven\pehkui-319596\4641059_mapped_official_1.20.1\pehkui-319596-4641059_mapped_official_1.20.1.jar with languages [LanguageSpec[languageName=javafml, acceptedVersions=[28,)]]
[23мар.2026 14:25:02.323] [main/DEBUG] [net.minecraftforge.fml.loading.moddiscovery.ModFileParser/LOADING]: Considering mod file candidate C:\Users\Sanek\.gradle\caches\forge_gradle\deobf_dependencies\curse\maven\caelus-308989\5281700_mapped_official_1.20.1\caelus-308989-5281700_mapped_official_1.20.1.jar
[23мар.2026 14:25:02.323] [main/DEBUG] [net.minecraftforge.fml.loading.moddiscovery.ModFileInfo/LOADING]: Found valid mod file caelus-308989-5281700_mapped_official_1.20.1.jar with {caelus} mods - versions {3.2.0+1.20.1}
[23мар.2026 14:25:02.323] [main/DEBUG] [net.minecraftforge.fml.loading.moddiscovery.ModFile/LOADING]: Loading mod file C:\Users\Sanek\.gradle\caches\forge_gradle\deobf_dependencies\curse\maven\caelus-308989\5281700_mapped_official_1.20.1\caelus-308989-5281700_mapped_official_1.20.1.jar with languages [LanguageSpec[languageName=javafml, acceptedVersions=[46,)]]
[23мар.2026 14:25:02.323] [main/DEBUG] [net.minecraftforge.fml.loading.moddiscovery.ModFileParser/LOADING]: Considering mod file candidate /
[23мар.2026 14:25:02.324] [main/DEBUG] [net.minecraftforge.fml.loading.moddiscovery.ModFileInfo/LOADING]: Found valid mod file  with {forge} mods - versions {47.4.0}
[23мар.2026 14:25:02.324] [main/DEBUG] [net.minecraftforge.fml.loading.moddiscovery.ModFile/LOADING]: Loading mod file / with languages [LanguageSpec[languageName=javafml, acceptedVersions=[24,]]]
[23мар.2026 14:25:02.327] [main/DEBUG] [net.minecraftforge.fml.loading.moddiscovery.ModFileParser/LOADING]: Found coremod field_to_method with Javascript path coremods/field_to_method.js
[23мар.2026 14:25:02.327] [main/DEBUG] [net.minecraftforge.fml.loading.moddiscovery.ModFileParser/LOADING]: Found coremod field_to_instanceof with Javascript path coremods/field_to_instanceof.js
[23мар.2026 14:25:02.329] [main/DEBUG] [net.minecraftforge.fml.loading.moddiscovery.ModFileParser/LOADING]: Found coremod add_bouncer_method with Javascript path coremods/add_bouncer_method.js
[23мар.2026 14:25:02.329] [main/DEBUG] [net.minecraftforge.fml.loading.moddiscovery.ModFileParser/LOADING]: Found coremod method_redirector with Javascript path coremods/method_redirector.js
[23мар.2026 14:25:02.329] [main/DEBUG] [net.minecraftforge.fml.loading.moddiscovery.ModFile/LOADING]: Found coremod coremods/field_to_method.js
[23мар.2026 14:25:02.329] [main/DEBUG] [net.minecraftforge.fml.loading.moddiscovery.ModFile/LOADING]: Found coremod coremods/field_to_instanceof.js
[23мар.2026 14:25:02.329] [main/DEBUG] [net.minecraftforge.fml.loading.moddiscovery.ModFile/LOADING]: Found coremod coremods/add_bouncer_method.js
[23мар.2026 14:25:02.329] [main/DEBUG] [net.minecraftforge.fml.loading.moddiscovery.ModFile/LOADING]: Found coremod coremods/method_redirector.js
[23мар.2026 14:25:02.329] [main/DEBUG] [net.minecraftforge.fml.loading.moddiscovery.ModFileParser/LOADING]: Considering mod file candidate C:\Users\Sanek\.gradle\caches\forge_gradle\deobf_dependencies\curse\maven\curios-309927\6418456_mapped_official_1.20.1\curios-309927-6418456_mapped_official_1.20.1.jar
[23мар.2026 14:25:02.329] [main/DEBUG] [net.minecraftforge.fml.loading.moddiscovery.ModFileInfo/LOADING]: Found valid mod file curios-309927-6418456_mapped_official_1.20.1.jar with {curios} mods - versions {5.14.1+1.20.1}
[23мар.2026 14:25:02.329] [main/DEBUG] [net.minecraftforge.fml.loading.moddiscovery.ModFile/LOADING]: Loading mod file C:\Users\Sanek\.gradle\caches\forge_gradle\deobf_dependencies\curse\maven\curios-309927\6418456_mapped_official_1.20.1\curios-309927-6418456_mapped_official_1.20.1.jar with languages [LanguageSpec[languageName=javafml, acceptedVersions=[41,)]]
[23мар.2026 14:25:02.330] [main/DEBUG] [net.minecraftforge.fml.loading.moddiscovery.ModFileParser/LOADING]: Considering mod file candidate C:\Users\Sanek\.gradle\caches\forge_gradle\deobf_dependencies\curse\maven\kleiders-custom-renderer-api-682065\6475112_mapped_official_1.20.1\kleiders-custom-renderer-api-682065-6475112_mapped_official_1.20.1.jar
[23мар.2026 14:25:02.330] [main/DEBUG] [net.minecraftforge.fml.loading.moddiscovery.ModFileInfo/LOADING]: Found valid mod file kleiders-custom-renderer-api-682065-6475112_mapped_official_1.20.1.jar with {kleiders_custom_renderer} mods - versions {7.4.0}
[23мар.2026 14:25:02.330] [main/DEBUG] [net.minecraftforge.fml.loading.moddiscovery.ModFile/LOADING]: Loading mod file C:\Users\Sanek\.gradle\caches\forge_gradle\deobf_dependencies\curse\maven\kleiders-custom-renderer-api-682065\6475112_mapped_official_1.20.1\kleiders-custom-renderer-api-682065-6475112_mapped_official_1.20.1.jar with languages [LanguageSpec[languageName=javafml, acceptedVersions=[47,)]]
[23мар.2026 14:25:02.330] [main/DEBUG] [net.minecraftforge.fml.loading.moddiscovery.ModFileParser/LOADING]: Considering mod file candidate C:\Users\Sanek\.gradle\caches\forge_gradle\deobf_dependencies\curse\maven\geckolib-388172\6789487_mapped_official_1.20.1\geckolib-388172-6789487_mapped_official_1.20.1.jar
[23мар.2026 14:25:02.332] [main/DEBUG] [net.minecraftforge.fml.loading.moddiscovery.ModFileInfo/LOADING]: Found valid mod file geckolib-388172-6789487_mapped_official_1.20.1.jar with {geckolib} mods - versions {4.7.3}
[23мар.2026 14:25:02.332] [main/DEBUG] [net.minecraftforge.fml.loading.moddiscovery.ModFile/LOADING]: Loading mod file C:\Users\Sanek\.gradle\caches\forge_gradle\deobf_dependencies\curse\maven\geckolib-388172\6789487_mapped_official_1.20.1\geckolib-388172-6789487_mapped_official_1.20.1.jar with languages [LanguageSpec[languageName=javafml, acceptedVersions=[47,)]]
[23мар.2026 14:25:02.333] [main/DEBUG] [net.minecraftforge.fml.loading.moddiscovery.ModFileParser/LOADING]: Considering mod file candidate C:\Users\Sanek\.gradle\caches\forge_gradle\deobf_dependencies\curse\maven\playeranimator-658587\4587214_mapped_official_1.20.1\playeranimator-658587-4587214_mapped_official_1.20.1.jar
[23мар.2026 14:25:02.333] [main/DEBUG] [net.minecraftforge.fml.loading.moddiscovery.ModFileInfo/LOADING]: Found valid mod file playeranimator-658587-4587214_mapped_official_1.20.1.jar with {playeranimator} mods - versions {1.0.2-rc1+1.20}
[23мар.2026 14:25:02.333] [main/DEBUG] [net.minecraftforge.fml.loading.moddiscovery.ModFile/LOADING]: Loading mod file C:\Users\Sanek\.gradle\caches\forge_gradle\deobf_dependencies\curse\maven\playeranimator-658587\4587214_mapped_official_1.20.1\playeranimator-658587-4587214_mapped_official_1.20.1.jar with languages [LanguageSpec[languageName=javafml, acceptedVersions=[46.0.0,)]]
[23мар.2026 14:25:02.333] [main/DEBUG] [net.minecraftforge.fml.loading.moddiscovery.ModFileParser/LOADING]: Considering mod file candidate C:\Users\Sanek\OneDrive\Рабочий стол\simple_races\run\libs\weightmod-1.0.0-deobf.jar
[23мар.2026 14:25:02.333] [main/DEBUG] [net.minecraftforge.fml.loading.moddiscovery.ModFileInfo/LOADING]: Found valid mod file weightmod-1.0.0-deobf.jar with {weightmod} mods - versions {1.0.0}
[23мар.2026 14:25:02.333] [main/DEBUG] [net.minecraftforge.fml.loading.moddiscovery.ModFile/LOADING]: Loading mod file C:\Users\Sanek\OneDrive\Рабочий стол\simple_races\run\libs\weightmod-1.0.0-deobf.jar with languages [LanguageSpec[languageName=javafml, acceptedVersions=[47,)]]
[23мар.2026 14:25:02.333] [main/DEBUG] [net.minecraftforge.fml.loading.moddiscovery.ModFile/LOADING]: Loading mod file  with languages []
[23мар.2026 14:25:02.333] [main/DEBUG] [net.minecraftforge.fml.loading.moddiscovery.ModFile/LOADING]: Loading mod file  with languages []
[23мар.2026 14:25:02.335] [main/DEBUG] [cpw.mods.modlauncher.TransformationServiceDecorator/MODLAUNCHER]: End scan trigger - transformation service fml
[23мар.2026 14:25:02.349] [main/DEBUG] [net.minecraftforge.fml.loading.LanguageLoadingProvider/CORE]: Found 3 language providers
[23мар.2026 14:25:02.350] [main/DEBUG] [net.minecraftforge.fml.loading.LanguageLoadingProvider/CORE]: Found language provider minecraft, version 1.0
[23мар.2026 14:25:02.352] [main/DEBUG] [net.minecraftforge.fml.loading.LanguageLoadingProvider/CORE]: Found language provider lowcodefml, version 47
[23мар.2026 14:25:02.352] [main/DEBUG] [net.minecraftforge.fml.loading.LanguageLoadingProvider/CORE]: Found language provider javafml, version 47
[23мар.2026 14:25:02.358] [main/DEBUG] [net.minecraftforge.fml.loading.UniqueModListBuilder/]: Found 2 mods for first modid mclib, selecting most recent based on version data
[23мар.2026 14:25:02.358] [main/DEBUG] [net.minecraftforge.fml.loading.UniqueModListBuilder/]: Selected file mclib-20.jar for modid mclib with version 0.0NONE
[23мар.2026 14:25:02.359] [main/DEBUG] [net.minecraftforge.fml.loading.ModSorter/]: Configured system mods: [minecraft, forge]
[23мар.2026 14:25:02.361] [main/DEBUG] [net.minecraftforge.fml.loading.ModSorter/]: Found system mod: minecraft
[23мар.2026 14:25:02.361] [main/DEBUG] [net.minecraftforge.fml.loading.ModSorter/]: Found system mod: forge
[23мар.2026 14:25:02.364] [main/DEBUG] [net.minecraftforge.fml.loading.ModSorter/LOADING]: Found 24 mod requirements (15 mandatory, 9 optional)
[23мар.2026 14:25:02.366] [main/DEBUG] [net.minecraftforge.fml.loading.ModSorter/LOADING]: Found 0 mod requirements missing (0 mandatory, 0 optional)
[23мар.2026 14:25:02.758] [main/DEBUG] [net.minecraftforge.fml.loading.MCPNamingService/CORE]: Loaded 33222 method mappings from methods.csv
[23мар.2026 14:25:02.788] [main/DEBUG] [net.minecraftforge.fml.loading.MCPNamingService/CORE]: Loaded 31003 field mappings from fields.csv
[23мар.2026 14:25:02.843] [main/DEBUG] [cpw.mods.modlauncher.TransformationServicesHandler/MODLAUNCHER]: Transformation services loading transformers
[23мар.2026 14:25:02.843] [main/DEBUG] [cpw.mods.modlauncher.TransformationServiceDecorator/MODLAUNCHER]: Initializing transformers for transformation service mixin
[23мар.2026 14:25:02.843] [main/DEBUG] [cpw.mods.modlauncher.TransformationServiceDecorator/MODLAUNCHER]: Initialized transformers for transformation service mixin
[23мар.2026 14:25:02.843] [main/DEBUG] [cpw.mods.modlauncher.TransformationServiceDecorator/MODLAUNCHER]: Initializing transformers for transformation service fml
[23мар.2026 14:25:02.844] [main/DEBUG] [net.minecraftforge.fml.loading.FMLServiceProvider/CORE]: Loading coremod transformers
[23мар.2026 14:25:02.844] [main/DEBUG] [net.minecraftforge.coremod.CoreModEngine/COREMOD]: Loading CoreMod from coremods/field_to_method.js
[23мар.2026 14:25:03.106] [main/DEBUG] [net.minecraftforge.coremod.CoreModEngine/COREMOD]: CoreMod loaded successfully
[23мар.2026 14:25:03.106] [main/DEBUG] [net.minecraftforge.coremod.CoreModEngine/COREMOD]: Loading CoreMod from coremods/field_to_instanceof.js
[23мар.2026 14:25:03.195] [main/DEBUG] [net.minecraftforge.coremod.CoreModEngine/COREMOD]: CoreMod loaded successfully
[23мар.2026 14:25:03.195] [main/DEBUG] [net.minecraftforge.coremod.CoreModEngine/COREMOD]: Loading CoreMod from coremods/add_bouncer_method.js
[23мар.2026 14:25:03.238] [main/DEBUG] [net.minecraftforge.coremod.CoreModEngine/COREMOD]: CoreMod loaded successfully
[23мар.2026 14:25:03.238] [main/DEBUG] [net.minecraftforge.coremod.CoreModEngine/COREMOD]: Loading CoreMod from coremods/method_redirector.js
[23мар.2026 14:25:03.296] [main/DEBUG] [net.minecraftforge.coremod.CoreModEngine/COREMOD]: CoreMod loaded successfully
[23мар.2026 14:25:03.311] [main/DEBUG] [cpw.mods.modlauncher.TransformStore/MODLAUNCHER]: Adding transformer net.minecraftforge.coremod.transformer.CoreModClassTransformer@518ddd3b to Target : CLASS {Lnet/minecraft/world/level/biome/Biome;} {} {V}
[23мар.2026 14:25:03.312] [main/DEBUG] [cpw.mods.modlauncher.TransformStore/MODLAUNCHER]: Adding transformer net.minecraftforge.coremod.transformer.CoreModClassTransformer@3f598450 to Target : CLASS {Lnet/minecraft/world/level/levelgen/structure/Structure;} {} {V}
[23мар.2026 14:25:03.312] [main/DEBUG] [cpw.mods.modlauncher.TransformStore/MODLAUNCHER]: Adding transformer net.minecraftforge.coremod.transformer.CoreModClassTransformer@2db2a05f to Target : CLASS {Lnet/minecraft/world/effect/MobEffectInstance;} {} {V}
[23мар.2026 14:25:03.313] [main/DEBUG] [cpw.mods.modlauncher.TransformStore/MODLAUNCHER]: Adding transformer net.minecraftforge.coremod.transformer.CoreModClassTransformer@695c938d to Target : CLASS {Lnet/minecraft/world/level/block/LiquidBlock;} {} {V}
[23мар.2026 14:25:03.313] [main/DEBUG] [cpw.mods.modlauncher.TransformStore/MODLAUNCHER]: Adding transformer net.minecraftforge.coremod.transformer.CoreModClassTransformer@d5bb1c4 to Target : CLASS {Lnet/minecraft/world/item/BucketItem;} {} {V}
[23мар.2026 14:25:03.313] [main/DEBUG] [cpw.mods.modlauncher.TransformStore/MODLAUNCHER]: Adding transformer net.minecraftforge.coremod.transformer.CoreModClassTransformer@7ed3df3b to Target : CLASS {Lnet/minecraft/world/level/block/StairBlock;} {} {V}
[23мар.2026 14:25:03.313] [main/DEBUG] [cpw.mods.modlauncher.TransformStore/MODLAUNCHER]: Adding transformer net.minecraftforge.coremod.transformer.CoreModClassTransformer@465b38e6 to Target : CLASS {Lnet/minecraft/world/level/block/FlowerPotBlock;} {} {V}
[23мар.2026 14:25:03.313] [main/DEBUG] [cpw.mods.modlauncher.TransformStore/MODLAUNCHER]: Adding transformer net.minecraftforge.coremod.transformer.CoreModClassTransformer@4b960b5b to Target : CLASS {Lnet/minecraft/world/item/ItemStack;} {} {V}
[23мар.2026 14:25:03.313] [main/DEBUG] [cpw.mods.modlauncher.TransformStore/MODLAUNCHER]: Adding transformer net.minecraftforge.coremod.transformer.CoreModClassTransformer@1b13467c to Target : CLASS {Lnet/minecraft/network/play/client/CClientSettingsPacket;} {} {V}
[23мар.2026 14:25:03.313] [main/DEBUG] [cpw.mods.modlauncher.TransformStore/MODLAUNCHER]: Adding transformer net.minecraftforge.coremod.transformer.CoreModClassTransformer@7bd96822 to Target : CLASS {Lnet/minecraft/world/level/levelgen/structure/structures/OceanRuinPieces$OceanRuinPiece;} {} {V}
[23мар.2026 14:25:03.314] [main/DEBUG] [cpw.mods.modlauncher.TransformStore/MODLAUNCHER]: Adding transformer net.minecraftforge.coremod.transformer.CoreModClassTransformer@7bd96822 to Target : CLASS {Lnet/minecraft/world/entity/raid/Raid;} {} {V}
[23мар.2026 14:25:03.314] [main/DEBUG] [cpw.mods.modlauncher.TransformStore/MODLAUNCHER]: Adding transformer net.minecraftforge.coremod.transformer.CoreModClassTransformer@7bd96822 to Target : CLASS {Lnet/minecraft/world/entity/monster/Spider;} {} {V}
[23мар.2026 14:25:03.314] [main/DEBUG] [cpw.mods.modlauncher.TransformStore/MODLAUNCHER]: Adding transformer net.minecraftforge.coremod.transformer.CoreModClassTransformer@7bd96822 to Target : CLASS {Lnet/minecraft/world/level/NaturalSpawner;} {} {V}
[23мар.2026 14:25:03.314] [main/DEBUG] [cpw.mods.modlauncher.TransformStore/MODLAUNCHER]: Adding transformer net.minecraftforge.coremod.transformer.CoreModClassTransformer@7bd96822 to Target : CLASS {Lnet/minecraft/world/level/levelgen/structure/structures/WoodlandMansionPieces$WoodlandMansionPiece;} {} {V}
[23мар.2026 14:25:03.314] [main/DEBUG] [cpw.mods.modlauncher.TransformStore/MODLAUNCHER]: Adding transformer net.minecraftforge.coremod.transformer.CoreModClassTransformer@7bd96822 to Target : CLASS {Lnet/minecraft/world/entity/npc/Villager;} {} {V}
[23мар.2026 14:25:03.314] [main/DEBUG] [cpw.mods.modlauncher.TransformStore/MODLAUNCHER]: Adding transformer net.minecraftforge.coremod.transformer.CoreModClassTransformer@7bd96822 to Target : CLASS {Lnet/minecraft/world/level/levelgen/PhantomSpawner;} {} {V}
[23мар.2026 14:25:03.314] [main/DEBUG] [cpw.mods.modlauncher.TransformStore/MODLAUNCHER]: Adding transformer net.minecraftforge.coremod.transformer.CoreModClassTransformer@7bd96822 to Target : CLASS {Lnet/minecraft/server/commands/RaidCommand;} {} {V}
[23мар.2026 14:25:03.314] [main/DEBUG] [cpw.mods.modlauncher.TransformStore/MODLAUNCHER]: Adding transformer net.minecraftforge.coremod.transformer.CoreModClassTransformer@7bd96822 to Target : CLASS {Lnet/minecraft/world/entity/monster/Zombie;} {} {V}
[23мар.2026 14:25:03.314] [main/DEBUG] [cpw.mods.modlauncher.TransformStore/MODLAUNCHER]: Adding transformer net.minecraftforge.coremod.transformer.CoreModClassTransformer@7bd96822 to Target : CLASS {Lnet/minecraft/world/entity/animal/frog/Tadpole;} {} {V}
[23мар.2026 14:25:03.314] [main/DEBUG] [cpw.mods.modlauncher.TransformStore/MODLAUNCHER]: Adding transformer net.minecraftforge.coremod.transformer.CoreModClassTransformer@7bd96822 to Target : CLASS {Lnet/minecraft/world/entity/monster/ZombieVillager;} {} {V}
[23мар.2026 14:25:03.314] [main/DEBUG] [cpw.mods.modlauncher.TransformStore/MODLAUNCHER]: Adding transformer net.minecraftforge.coremod.transformer.CoreModClassTransformer@7bd96822 to Target : CLASS {Lnet/minecraft/world/level/levelgen/structure/structures/SwampHutPiece;} {} {V}
[23мар.2026 14:25:03.314] [main/DEBUG] [cpw.mods.modlauncher.TransformStore/MODLAUNCHER]: Adding transformer net.minecraftforge.coremod.transformer.CoreModClassTransformer@7bd96822 to Target : CLASS {Lnet/minecraft/world/entity/EntityType;} {} {V}
[23мар.2026 14:25:03.314] [main/DEBUG] [cpw.mods.modlauncher.TransformStore/MODLAUNCHER]: Adding transformer net.minecraftforge.coremod.transformer.CoreModClassTransformer@7bd96822 to Target : CLASS {Lnet/minecraft/world/entity/monster/Strider;} {} {V}
[23мар.2026 14:25:03.314] [main/DEBUG] [cpw.mods.modlauncher.TransformStore/MODLAUNCHER]: Adding transformer net.minecraftforge.coremod.transformer.CoreModClassTransformer@7bd96822 to Target : CLASS {Lnet/minecraft/world/level/levelgen/structure/structures/OceanMonumentPieces$OceanMonumentPiece;} {} {V}
[23мар.2026 14:25:03.315] [main/DEBUG] [cpw.mods.modlauncher.TransformStore/MODLAUNCHER]: Adding transformer net.minecraftforge.coremod.transformer.CoreModClassTransformer@7bd96822 to Target : CLASS {Lnet/minecraft/world/level/levelgen/PatrolSpawner;} {} {V}
[23мар.2026 14:25:03.315] [main/DEBUG] [cpw.mods.modlauncher.TransformStore/MODLAUNCHER]: Adding transformer net.minecraftforge.coremod.transformer.CoreModClassTransformer@7bd96822 to Target : CLASS {Lnet/minecraft/world/entity/monster/Evoker$EvokerSummonSpellGoal;} {} {V}
[23мар.2026 14:25:03.315] [main/DEBUG] [cpw.mods.modlauncher.TransformStore/MODLAUNCHER]: Adding transformer net.minecraftforge.coremod.transformer.CoreModClassTransformer@7bd96822 to Target : CLASS {Lnet/minecraft/world/level/levelgen/structure/templatesystem/StructureTemplate;} {} {V}
[23мар.2026 14:25:03.315] [main/DEBUG] [cpw.mods.modlauncher.TransformStore/MODLAUNCHER]: Adding transformer net.minecraftforge.coremod.transformer.CoreModClassTransformer@7bd96822 to Target : CLASS {Lnet/minecraft/world/entity/animal/horse/SkeletonTrapGoal;} {} {V}
[23мар.2026 14:25:03.315] [main/DEBUG] [cpw.mods.modlauncher.TransformStore/MODLAUNCHER]: Adding transformer net.minecraftforge.coremod.transformer.CoreModClassTransformer@7bd96822 to Target : CLASS {Lnet/minecraft/world/entity/ai/village/VillageSiege;} {} {V}
[23мар.2026 14:25:03.315] [main/DEBUG] [cpw.mods.modlauncher.TransformStore/MODLAUNCHER]: Adding transformer net.minecraftforge.coremod.transformer.CoreModClassTransformer@7bd96822 to Target : CLASS {Lnet/minecraft/world/entity/npc/CatSpawner;} {} {V}
[23мар.2026 14:25:03.315] [main/DEBUG] [cpw.mods.modlauncher.TransformStore/MODLAUNCHER]: Adding transformer net.minecraftforge.coremod.transformer.CoreModClassTransformer@7bd96822 to Target : CLASS {Lnet/minecraft/server/commands/SummonCommand;} {} {V}
[23мар.2026 14:25:03.315] [main/DEBUG] [cpw.mods.modlauncher.TransformationServiceDecorator/MODLAUNCHER]: Initialized transformers for transformation service fml
[23мар.2026 14:25:03.828] [main/DEBUG] [mixin/]: Processing prepare() for PlatformAgent[MixinPlatformAgentDefault:ModLauncher Root Container(ModLauncher:4f56a0a2)]
[23мар.2026 14:25:03.829] [main/DEBUG] [mixin/]: Registering mixin config: mixins.simpleraces.json
[23мар.2026 14:25:03.848] [main/DEBUG] [mixin/]: Compatibility level JAVA_17 specified by mixins.simpleraces.json is higher than the maximum level supported by this version of mixin (JAVA_13).
[23мар.2026 14:25:03.851] [main/INFO] [mixin/]: Compatibility level set to JAVA_17
[23мар.2026 14:25:03.853] [main/DEBUG] [mixin/]: Processing launch tasks for PlatformAgent[MixinPlatformAgentDefault:ModLauncher Root Container(ModLauncher:4f56a0a2)]
[23мар.2026 14:25:03.853] [main/DEBUG] [mixin/]: Adding mixin platform agents for container SecureJarResource(minecraft)
[23мар.2026 14:25:03.853] [main/DEBUG] [mixin/]: Instancing new MixinPlatformAgentMinecraftForge for SecureJarResource(minecraft)
[23мар.2026 14:25:03.853] [main/DEBUG] [mixin/]: MixinPlatformAgentMinecraftForge rejected container SecureJarResource(minecraft)
[23мар.2026 14:25:03.853] [main/DEBUG] [mixin/]: Instancing new MixinPlatformAgentDefault for SecureJarResource(minecraft)
[23мар.2026 14:25:03.853] [main/DEBUG] [mixin/]: MixinPlatformAgentDefault accepted container SecureJarResource(minecraft)
[23мар.2026 14:25:03.853] [main/DEBUG] [mixin/]: Processing prepare() for PlatformAgent[MixinPlatformAgentDefault:SecureJarResource(minecraft)]
[23мар.2026 14:25:03.853] [main/DEBUG] [mixin/]: Adding mixin platform agents for container SecureJarResource(pehkui)
[23мар.2026 14:25:03.853] [main/DEBUG] [mixin/]: Instancing new MixinPlatformAgentMinecraftForge for SecureJarResource(pehkui)
[23мар.2026 14:25:03.853] [main/DEBUG] [mixin/]: MixinPlatformAgentMinecraftForge rejected container SecureJarResource(pehkui)
[23мар.2026 14:25:03.853] [main/DEBUG] [mixin/]: Instancing new MixinPlatformAgentDefault for SecureJarResource(pehkui)
[23мар.2026 14:25:03.853] [main/DEBUG] [mixin/]: MixinPlatformAgentDefault accepted container SecureJarResource(pehkui)
[23мар.2026 14:25:03.853] [main/DEBUG] [mixin/]: Processing prepare() for PlatformAgent[MixinPlatformAgentDefault:SecureJarResource(pehkui)]
[23мар.2026 14:25:03.853] [main/DEBUG] [mixin/]: Registering mixin config: pehkui.mixins.json
[23мар.2026 14:25:03.856] [main/DEBUG] [mixin/]: Compatibility level JAVA_8 specified by pehkui.mixins.json is lower than the default level supported by the current mixin service (JAVA_16).
[23мар.2026 14:25:03.857] [main/DEBUG] [mixin/]: Adding mixin platform agents for container SecureJarResource(caelus)
[23мар.2026 14:25:03.857] [main/DEBUG] [mixin/]: Instancing new MixinPlatformAgentMinecraftForge for SecureJarResource(caelus)
[23мар.2026 14:25:03.857] [main/DEBUG] [mixin/]: MixinPlatformAgentMinecraftForge rejected container SecureJarResource(caelus)
[23мар.2026 14:25:03.857] [main/DEBUG] [mixin/]: Instancing new MixinPlatformAgentDefault for SecureJarResource(caelus)
[23мар.2026 14:25:03.857] [main/DEBUG] [mixin/]: MixinPlatformAgentDefault accepted container SecureJarResource(caelus)
[23мар.2026 14:25:03.857] [main/DEBUG] [mixin/]: Processing prepare() for PlatformAgent[MixinPlatformAgentDefault:SecureJarResource(caelus)]
[23мар.2026 14:25:03.857] [main/DEBUG] [mixin/]: Registering mixin config: caelus.mixins.json
[23мар.2026 14:25:03.859] [main/DEBUG] [mixin/]: Adding mixin platform agents for container SecureJarResource(forge)
[23мар.2026 14:25:03.859] [main/DEBUG] [mixin/]: Instancing new MixinPlatformAgentMinecraftForge for SecureJarResource(forge)
[23мар.2026 14:25:03.859] [main/DEBUG] [mixin/]: MixinPlatformAgentMinecraftForge rejected container SecureJarResource(forge)
[23мар.2026 14:25:03.859] [main/DEBUG] [mixin/]: Instancing new MixinPlatformAgentDefault for SecureJarResource(forge)
[23мар.2026 14:25:03.859] [main/DEBUG] [mixin/]: MixinPlatformAgentDefault accepted container SecureJarResource(forge)
[23мар.2026 14:25:03.859] [main/DEBUG] [mixin/]: Processing prepare() for PlatformAgent[MixinPlatformAgentDefault:SecureJarResource(forge)]
[23мар.2026 14:25:03.859] [main/DEBUG] [mixin/]: Adding mixin platform agents for container SecureJarResource(curios)
[23мар.2026 14:25:03.859] [main/DEBUG] [mixin/]: Instancing new MixinPlatformAgentMinecraftForge for SecureJarResource(curios)
[23мар.2026 14:25:03.859] [main/DEBUG] [mixin/]: MixinPlatformAgentMinecraftForge rejected container SecureJarResource(curios)
[23мар.2026 14:25:03.859] [main/DEBUG] [mixin/]: Instancing new MixinPlatformAgentDefault for SecureJarResource(curios)
[23мар.2026 14:25:03.859] [main/DEBUG] [mixin/]: MixinPlatformAgentDefault accepted container SecureJarResource(curios)
[23мар.2026 14:25:03.859] [main/DEBUG] [mixin/]: Processing prepare() for PlatformAgent[MixinPlatformAgentDefault:SecureJarResource(curios)]
[23мар.2026 14:25:03.859] [main/DEBUG] [mixin/]: Registering mixin config: curios.mixins.json
[23мар.2026 14:25:03.862] [main/DEBUG] [mixin/]: Adding mixin platform agents for container SecureJarResource(kleiders_custom_renderer)
[23мар.2026 14:25:03.862] [main/DEBUG] [mixin/]: Instancing new MixinPlatformAgentMinecraftForge for SecureJarResource(kleiders_custom_renderer)
[23мар.2026 14:25:03.862] [main/DEBUG] [mixin/]: MixinPlatformAgentMinecraftForge rejected container SecureJarResource(kleiders_custom_renderer)
[23мар.2026 14:25:03.862] [main/DEBUG] [mixin/]: Instancing new MixinPlatformAgentDefault for SecureJarResource(kleiders_custom_renderer)
[23мар.2026 14:25:03.862] [main/DEBUG] [mixin/]: MixinPlatformAgentDefault accepted container SecureJarResource(kleiders_custom_renderer)
[23мар.2026 14:25:03.862] [main/DEBUG] [mixin/]: Processing prepare() for PlatformAgent[MixinPlatformAgentDefault:SecureJarResource(kleiders_custom_renderer)]
[23мар.2026 14:25:03.862] [main/DEBUG] [mixin/]: Registering mixin config: mixins.kleiders_custom_renderer.json
[23мар.2026 14:25:03.863] [main/DEBUG] [mixin/]: Adding mixin platform agents for container SecureJarResource(geckolib)
[23мар.2026 14:25:03.863] [main/DEBUG] [mixin/]: Instancing new MixinPlatformAgentMinecraftForge for SecureJarResource(geckolib)
[23мар.2026 14:25:03.863] [main/DEBUG] [mixin/]: MixinPlatformAgentMinecraftForge rejected container SecureJarResource(geckolib)
[23мар.2026 14:25:03.863] [main/DEBUG] [mixin/]: Instancing new MixinPlatformAgentDefault for SecureJarResource(geckolib)
[23мар.2026 14:25:03.863] [main/DEBUG] [mixin/]: MixinPlatformAgentDefault accepted container SecureJarResource(geckolib)
[23мар.2026 14:25:03.863] [main/DEBUG] [mixin/]: Processing prepare() for PlatformAgent[MixinPlatformAgentDefault:SecureJarResource(geckolib)]
[23мар.2026 14:25:03.863] [main/DEBUG] [mixin/]: Registering mixin config: geckolib.mixins.json
[23мар.2026 14:25:03.865] [main/DEBUG] [mixin/]: Adding mixin platform agents for container SecureJarResource(playeranimator)
[23мар.2026 14:25:03.865] [main/DEBUG] [mixin/]: Instancing new MixinPlatformAgentMinecraftForge for SecureJarResource(playeranimator)
[23мар.2026 14:25:03.865] [main/DEBUG] [mixin/]: MixinPlatformAgentMinecraftForge rejected container SecureJarResource(playeranimator)
[23мар.2026 14:25:03.865] [main/DEBUG] [mixin/]: Instancing new MixinPlatformAgentDefault for SecureJarResource(playeranimator)
[23мар.2026 14:25:03.865] [main/DEBUG] [mixin/]: MixinPlatformAgentDefault accepted container SecureJarResource(playeranimator)
[23мар.2026 14:25:03.865] [main/DEBUG] [mixin/]: Processing prepare() for PlatformAgent[MixinPlatformAgentDefault:SecureJarResource(playeranimator)]
[23мар.2026 14:25:03.865] [main/DEBUG] [mixin/]: Registering mixin config: playerAnimator-common.mixins.json
[23мар.2026 14:25:03.866] [main/DEBUG] [mixin/]: Compatibility level JAVA_16 specified by playerAnimator-common.mixins.json is higher than the maximum level supported by this version of mixin (JAVA_13).
[23мар.2026 14:25:03.866] [main/DEBUG] [mixin/]: Adding mixin platform agents for container SecureJarResource(irons_spellbooks)
[23мар.2026 14:25:03.866] [main/DEBUG] [mixin/]: Instancing new MixinPlatformAgentMinecraftForge for SecureJarResource(irons_spellbooks)
[23мар.2026 14:25:03.866] [main/DEBUG] [mixin/]: MixinPlatformAgentMinecraftForge rejected container SecureJarResource(irons_spellbooks)
[23мар.2026 14:25:03.866] [main/DEBUG] [mixin/]: Instancing new MixinPlatformAgentDefault for SecureJarResource(irons_spellbooks)
[23мар.2026 14:25:03.866] [main/DEBUG] [mixin/]: MixinPlatformAgentDefault accepted container SecureJarResource(irons_spellbooks)
[23мар.2026 14:25:03.866] [main/DEBUG] [mixin/]: Processing prepare() for PlatformAgent[MixinPlatformAgentDefault:SecureJarResource(irons_spellbooks)]
[23мар.2026 14:25:03.866] [main/DEBUG] [mixin/]: Registering mixin config: mixins.irons_spellbooks.json
[23мар.2026 14:25:03.869] [main/DEBUG] [mixin/]: Adding mixin platform agents for container SecureJarResource(simpleraces)
[23мар.2026 14:25:03.869] [main/DEBUG] [mixin/]: Instancing new MixinPlatformAgentMinecraftForge for SecureJarResource(simpleraces)
[23мар.2026 14:25:03.869] [main/DEBUG] [mixin/]: MixinPlatformAgentMinecraftForge rejected container SecureJarResource(simpleraces)
[23мар.2026 14:25:03.869] [main/DEBUG] [mixin/]: Instancing new MixinPlatformAgentDefault for SecureJarResource(simpleraces)
[23мар.2026 14:25:03.869] [main/DEBUG] [mixin/]: MixinPlatformAgentDefault accepted container SecureJarResource(simpleraces)
[23мар.2026 14:25:03.869] [main/DEBUG] [mixin/]: Processing prepare() for PlatformAgent[MixinPlatformAgentDefault:SecureJarResource(simpleraces)]
[23мар.2026 14:25:03.869] [main/DEBUG] [mixin/]: Adding mixin platform agents for container SecureJarResource(weightmod)
[23мар.2026 14:25:03.869] [main/DEBUG] [mixin/]: Instancing new MixinPlatformAgentMinecraftForge for SecureJarResource(weightmod)
[23мар.2026 14:25:03.869] [main/DEBUG] [mixin/]: MixinPlatformAgentMinecraftForge rejected container SecureJarResource(weightmod)
[23мар.2026 14:25:03.869] [main/DEBUG] [mixin/]: Instancing new MixinPlatformAgentDefault for SecureJarResource(weightmod)
[23мар.2026 14:25:03.869] [main/DEBUG] [mixin/]: MixinPlatformAgentDefault accepted container SecureJarResource(weightmod)
[23мар.2026 14:25:03.869] [main/DEBUG] [mixin/]: Processing prepare() for PlatformAgent[MixinPlatformAgentDefault:SecureJarResource(weightmod)]
[23мар.2026 14:25:03.869] [main/DEBUG] [mixin/]: Adding mixin platform agents for container SecureJarResource(mclib)
[23мар.2026 14:25:03.871] [main/DEBUG] [mixin/]: Instancing new MixinPlatformAgentMinecraftForge for SecureJarResource(mclib)
[23мар.2026 14:25:03.871] [main/DEBUG] [mixin/]: MixinPlatformAgentMinecraftForge rejected container SecureJarResource(mclib)
[23мар.2026 14:25:03.871] [main/DEBUG] [mixin/]: Instancing new MixinPlatformAgentDefault for SecureJarResource(mclib)
[23мар.2026 14:25:03.871] [main/DEBUG] [mixin/]: MixinPlatformAgentDefault accepted container SecureJarResource(mclib)
[23мар.2026 14:25:03.871] [main/DEBUG] [mixin/]: Processing prepare() for PlatformAgent[MixinPlatformAgentDefault:SecureJarResource(mclib)]
[23мар.2026 14:25:03.871] [main/DEBUG] [mixin/]: inject() running with 13 agents
[23мар.2026 14:25:03.871] [main/DEBUG] [mixin/]: Processing inject() for PlatformAgent[MixinPlatformAgentDefault:ModLauncher Root Container(ModLauncher:4f56a0a2)]
[23мар.2026 14:25:03.871] [main/DEBUG] [mixin/]: Processing inject() for PlatformAgent[MixinPlatformAgentDefault:SecureJarResource(minecraft)]
[23мар.2026 14:25:03.871] [main/DEBUG] [mixin/]: Processing inject() for PlatformAgent[MixinPlatformAgentDefault:SecureJarResource(pehkui)]
[23мар.2026 14:25:03.871] [main/DEBUG] [mixin/]: Processing inject() for PlatformAgent[MixinPlatformAgentDefault:SecureJarResource(caelus)]
[23мар.2026 14:25:03.871] [main/DEBUG] [mixin/]: Processing inject() for PlatformAgent[MixinPlatformAgentDefault:SecureJarResource(forge)]
[23мар.2026 14:25:03.871] [main/DEBUG] [mixin/]: Processing inject() for PlatformAgent[MixinPlatformAgentDefault:SecureJarResource(curios)]
[23мар.2026 14:25:03.871] [main/DEBUG] [mixin/]: Processing inject() for PlatformAgent[MixinPlatformAgentDefault:SecureJarResource(kleiders_custom_renderer)]
[23мар.2026 14:25:03.871] [main/DEBUG] [mixin/]: Processing inject() for PlatformAgent[MixinPlatformAgentDefault:SecureJarResource(geckolib)]
[23мар.2026 14:25:03.871] [main/DEBUG] [mixin/]: Processing inject() for PlatformAgent[MixinPlatformAgentDefault:SecureJarResource(playeranimator)]
[23мар.2026 14:25:03.871] [main/DEBUG] [mixin/]: Processing inject() for PlatformAgent[MixinPlatformAgentDefault:SecureJarResource(irons_spellbooks)]
[23мар.2026 14:25:03.871] [main/DEBUG] [mixin/]: Processing inject() for PlatformAgent[MixinPlatformAgentDefault:SecureJarResource(simpleraces)]
[23мар.2026 14:25:03.871] [main/DEBUG] [mixin/]: Processing inject() for PlatformAgent[MixinPlatformAgentDefault:SecureJarResource(weightmod)]
[23мар.2026 14:25:03.871] [main/DEBUG] [mixin/]: Processing inject() for PlatformAgent[MixinPlatformAgentDefault:SecureJarResource(mclib)]
[23мар.2026 14:25:03.872] [main/INFO] [cpw.mods.modlauncher.LaunchServiceHandler/MODLAUNCHER]: Launching target 'forgeclientuserdev' with arguments [--version, MOD_DEV, --gameDir, ., --assetsDir, C:\Users\Sanek\.gradle\caches\forge_gradle\assets, --assetIndex, 5]
[23мар.2026 14:25:04.024] [main/DEBUG] [mixin/]: Error cleaning class output directory: .mixin.out
[23мар.2026 14:25:04.028] [main/DEBUG] [mixin/]: Preparing mixins for MixinEnvironment[DEFAULT]
[23мар.2026 14:25:04.028] [main/DEBUG] [mixin/]: Selecting config mixins.simpleraces.json
[23мар.2026 14:25:04.034] [main/WARN] [mixin/]: Reference map 'mixins.simpleraces.refmap.json' for mixins.simpleraces.json could not be read. If this is a development environment you can ignore this message
[23мар.2026 14:25:04.034] [main/DEBUG] [mixin/]: Selecting config pehkui.mixins.json
[23мар.2026 14:25:04.337] [main/INFO] [mixin/]: Remapping refMap Pehkui-refmap.json using C:\Users\Sanek\OneDrive\Рабочий стол\simple_races\build\createSrgToMcp\output.srg
[23мар.2026 14:25:04.339] [main/DEBUG] [mixin/]: Selecting config caelus.mixins.json
[23мар.2026 14:25:04.341] [main/INFO] [mixin/]: Remapping refMap caelus.refmap.json using C:\Users\Sanek\OneDrive\Рабочий стол\simple_races\build\createSrgToMcp\output.srg
[23мар.2026 14:25:04.341] [main/DEBUG] [mixin/]: Selecting config curios.mixins.json
[23мар.2026 14:25:04.343] [main/INFO] [mixin/]: Remapping refMap curios.refmap.json using C:\Users\Sanek\OneDrive\Рабочий стол\simple_races\build\createSrgToMcp\output.srg
[23мар.2026 14:25:04.343] [main/DEBUG] [mixin/]: Selecting config mixins.kleiders_custom_renderer.json
[23мар.2026 14:25:04.344] [main/WARN] [mixin/]: Reference map 'mixins.kleiders_custom_renderer.refmap.json' for mixins.kleiders_custom_renderer.json could not be read. If this is a development environment you can ignore this message
[23мар.2026 14:25:04.344] [main/DEBUG] [mixin/]: Selecting config geckolib.mixins.json
[23мар.2026 14:25:04.352] [main/INFO] [mixin/]: Remapping refMap geckolib.refmap.json using C:\Users\Sanek\OneDrive\Рабочий стол\simple_races\build\createSrgToMcp\output.srg
[23мар.2026 14:25:04.353] [main/DEBUG] [mixin/]: Selecting config playerAnimator-common.mixins.json
[23мар.2026 14:25:04.356] [main/INFO] [mixin/]: Remapping refMap player-animation-lib-minecraft_common-refmap.json using C:\Users\Sanek\OneDrive\Рабочий стол\simple_races\build\createSrgToMcp\output.srg
[23мар.2026 14:25:04.358] [main/DEBUG] [mixin/]: Selecting config mixins.irons_spellbooks.json
[23мар.2026 14:25:04.361] [main/INFO] [mixin/]: Remapping refMap irons_spellbooks.refmap.json using C:\Users\Sanek\OneDrive\Рабочий стол\simple_races\build\createSrgToMcp\output.srg
[23мар.2026 14:25:04.361] [main/DEBUG] [mixin/]: Preparing mixins.simpleraces.json (5)
[23мар.2026 14:25:04.450] [main/DEBUG] [mixin/]: Preparing pehkui.mixins.json (221)
[23мар.2026 14:25:04.460] [main/DEBUG] [net.minecraftforge.versions.mcp.MCPVersion/CORE]: MCP Version package package net.minecraftforge.versions.mcp, Minecraft, version 1.20.1 from cpw.mods.modlauncher.TransformingClassLoader@630390b9
[23мар.2026 14:25:04.460] [main/DEBUG] [net.minecraftforge.versions.mcp.MCPVersion/CORE]: Found MC version information 1.20.1
[23мар.2026 14:25:04.460] [main/DEBUG] [net.minecraftforge.versions.mcp.MCPVersion/CORE]: Found MCP version information 20230612.114412
[23мар.2026 14:25:05.144] [main/DEBUG] [net.minecraftforge.coremod.transformer.CoreModBaseTransformer/COREMOD]: Transforming net/minecraft/world/entity/monster/Spider
[23мар.2026 14:25:05.444] [main/DEBUG] [net.minecraftforge.coremod.transformer.CoreModBaseTransformer/COREMOD]: Transforming net/minecraft/world/entity/monster/Zombie
[23мар.2026 14:25:05.750] [main/DEBUG] [net.minecraftforge.coremod.transformer.CoreModBaseTransformer/COREMOD]: Transforming net/minecraft/world/entity/monster/Evoker$EvokerSummonSpellGoal
[23мар.2026 14:25:05.767] [main/DEBUG] [net.minecraftforge.coremod.transformer.CoreModBaseTransformer/COREMOD]: Transforming net/minecraft/world/entity/npc/Villager
[23мар.2026 14:25:06.005] [main/DEBUG] [mixin/]: Preparing caelus.mixins.json (4)
[23мар.2026 14:25:06.010] [main/DEBUG] [mixin/]: Preparing curios.mixins.json (13)
[23мар.2026 14:25:06.034] [main/DEBUG] [mixin/]: Preparing mixins.kleiders_custom_renderer.json (0)
[23мар.2026 14:25:06.035] [main/DEBUG] [mixin/]: Preparing geckolib.mixins.json (1)
[23мар.2026 14:25:06.038] [main/DEBUG] [mixin/]: Preparing playerAnimator-common.mixins.json (14)
[23мар.2026 14:25:06.084] [main/DEBUG] [mixin/]: Preparing mixins.irons_spellbooks.json (20)
[23мар.2026 14:25:06.108] [main/DEBUG] [net.minecraftforge.coremod.transformer.CoreModBaseTransformer/COREMOD]: Transforming net/minecraft/world/item/ItemStack
[23мар.2026 14:25:06.208] [main/DEBUG] [mixin/]: Registering new injector for @Inject with org.spongepowered.asm.mixin.injection.struct.CallbackInjectionInfo
[23мар.2026 14:25:06.211] [main/DEBUG] [mixin/]: Registering new injector for @ModifyArg with org.spongepowered.asm.mixin.injection.struct.ModifyArgInjectionInfo
[23мар.2026 14:25:06.213] [main/DEBUG] [mixin/]: Registering new injector for @ModifyArgs with org.spongepowered.asm.mixin.injection.struct.ModifyArgsInjectionInfo
[23мар.2026 14:25:06.214] [main/DEBUG] [mixin/]: Registering new injector for @Redirect with org.spongepowered.asm.mixin.injection.struct.RedirectInjectionInfo
[23мар.2026 14:25:06.216] [main/DEBUG] [mixin/]: Registering new injector for @ModifyVariable with org.spongepowered.asm.mixin.injection.struct.ModifyVariableInjectionInfo
[23мар.2026 14:25:06.217] [main/DEBUG] [mixin/]: Registering new injector for @ModifyConstant with org.spongepowered.asm.mixin.injection.struct.ModifyConstantInjectionInfo
[23мар.2026 14:25:06.287] [main/DEBUG] [mixin/]: Prepared 175 mixins in 2,259 sec (12,9ms avg) (0ms load, 0ms transform, 0ms plugin)
[23мар.2026 14:25:06.324] [main/DEBUG] [mixin/]: Mixing MinecraftMixin from mixins.irons_spellbooks.json into net.minecraft.client.Minecraft
[23мар.2026 14:25:06.881] [main/DEBUG] [io.netty.util.internal.logging.InternalLoggerFactory/]: Using SLF4J as the default logging framework
[23мар.2026 14:25:06.884] [main/DEBUG] [io.netty.util.ResourceLeakDetector/]: -Dio.netty.leakDetection.level: simple
[23мар.2026 14:25:06.884] [main/DEBUG] [io.netty.util.ResourceLeakDetector/]: -Dio.netty.leakDetection.targetRecords: 4
[23мар.2026 14:25:07.085] [main/DEBUG] [oshi.util.FileUtil/]: No oshi.properties file found from ClassLoader cpw.mods.modlauncher.TransformingClassLoader@630390b9
[23мар.2026 14:25:07.335] [main/DEBUG] [oshi.util.FileUtil/]: No oshi.architecture.properties file found from ClassLoader cpw.mods.modlauncher.TransformingClassLoader@630390b9
[23мар.2026 14:25:07.968] [pool-4-thread-1/DEBUG] [mixin/]: Mixing compat116plus.AbstractBlockStateMixin from pehkui.mixins.json into net.minecraft.world.level.block.state.BlockBehaviour$BlockStateBase
[23мар.2026 14:25:07.986] [pool-4-thread-1/DEBUG] [mixin/]: Mixing EntityMixin from pehkui.mixins.json into net.minecraft.world.entity.Entity
[23мар.2026 14:25:08.019] [pool-4-thread-1/DEBUG] [mixin/]: Mixing compat116plus.EntityMixin from pehkui.mixins.json into net.minecraft.world.entity.Entity
[23мар.2026 14:25:08.020] [pool-4-thread-1/DEBUG] [mixin/]: Mixing compat117plus.EntityMixin from pehkui.mixins.json into net.minecraft.world.entity.Entity
[23мар.2026 14:25:08.021] [pool-4-thread-1/DEBUG] [mixin/]: Mixing step_height.compat1194plus.EntityMixin from pehkui.mixins.json into net.minecraft.world.entity.Entity
[23мар.2026 14:25:08.023] [pool-4-thread-1/DEBUG] [mixin/]: Mixing AccessorEntity from curios.mixins.json into net.minecraft.world.entity.Entity
[23мар.2026 14:25:08.033] [pool-4-thread-1/DEBUG] [mixin/]: Mixing EntityMixin from mixins.irons_spellbooks.json into net.minecraft.world.entity.Entity
[23мар.2026 14:25:08.041] [pool-4-thread-1/DEBUG] [mixin/]: Mixing ClientEntityMixin from mixins.irons_spellbooks.json into net.minecraft.world.entity.Entity
[23мар.2026 14:25:08.044] [pool-4-thread-1/DEBUG] [mixin/]: Mixing compat117plus.patchwork.compat.EntityCalculateDimensionsMixin from pehkui.mixins.json into net.minecraft.world.entity.Entity
[23мар.2026 14:25:08.044] [pool-4-thread-1/DEBUG] [mixin/]: Renaming synthetic method lambda$pehkui$calculateDimensions$0(Lnet/minecraft/world/entity/Entity;DLnet/minecraft/world/phys/Vec3;)V to md7bd566$lambda$pehkui$calculateDimensions$0$0 in pehkui.mixins.json:compat117plus.patchwork.compat.EntityCalculateDimensionsMixin
[23мар.2026 14:25:08.050] [pool-4-thread-1/DEBUG] [net.minecraftforge.coremod.transformer.CoreModBaseTransformer/COREMOD]: Transforming net/minecraft/world/entity/EntityType
[23мар.2026 14:25:08.375] [pool-4-thread-1/DEBUG] [mixin/]: Mixing step_height.IForgeEntityMixin from pehkui.mixins.json into net.minecraftforge.common.extensions.IForgeEntity
[23мар.2026 14:25:08.397] [pool-4-thread-1/DEBUG] [mixin/]: Mixing LivingEntityMixin from pehkui.mixins.json into net.minecraft.world.entity.LivingEntity
[23мар.2026 14:25:08.397] [pool-4-thread-1/DEBUG] [mixin/]: Renaming synthetic method lambda$pehkui$tickMovement$minVelocity$0(I)Z to md7bd566$lambda$pehkui$tickMovement$minVelocity$0$0 in pehkui.mixins.json:LivingEntityMixin
[23мар.2026 14:25:08.409] [pool-4-thread-1/DEBUG] [mixin/]: Mixing compat117plus.LivingEntityMixin from pehkui.mixins.json into net.minecraft.world.entity.LivingEntity
[23мар.2026 14:25:08.409] [pool-4-thread-1/DEBUG] [mixin/]: Mixing compat1194plus.LivingEntityMixin from pehkui.mixins.json into net.minecraft.world.entity.LivingEntity
[23мар.2026 14:25:08.411] [pool-4-thread-1/DEBUG] [mixin/]: Mixing MixinLivingEntity from caelus.mixins.json into net.minecraft.world.entity.LivingEntity
[23мар.2026 14:25:08.411] [pool-4-thread-1/DEBUG] [mixin/]: Mixing MixinLivingEntity from curios.mixins.json into net.minecraft.world.entity.LivingEntity
[23мар.2026 14:25:08.412] [pool-4-thread-1/DEBUG] [mixin/]: Mixing LivingEntityMixin from mixins.irons_spellbooks.json into net.minecraft.world.entity.LivingEntity
[23мар.2026 14:25:08.414] [pool-4-thread-1/DEBUG] [mixin/]: Renaming synthetic method lambda$static$1(Lnet/minecraft/world/entity/ai/attributes/Attribute;)Z to md7bd566$lambda$static$1$1 in mixins.irons_spellbooks.json:LivingEntityMixin
[23мар.2026 14:25:08.414] [pool-4-thread-1/DEBUG] [mixin/]: Renaming synthetic method lambda$static$0(Lnet/minecraft/world/entity/ai/attributes/Attribute;)Z to md7bd566$lambda$static$0$2 in mixins.irons_spellbooks.json:LivingEntityMixin
[23мар.2026 14:25:08.424] [pool-4-thread-1/DEBUG] [mixin/]: Mixing compat115plus.LivingEntityMixin from pehkui.mixins.json into net.minecraft.world.entity.LivingEntity
[23мар.2026 14:25:08.628] [pool-4-thread-1/DEBUG] [mixin/]: Mixing client.compat116plus.ItemEntityMixin from pehkui.mixins.json into net.minecraft.world.entity.item.ItemEntity
[23мар.2026 14:25:08.630] [pool-4-thread-1/DEBUG] [mixin/]: Mixing ItemEntityMixin from pehkui.mixins.json into net.minecraft.world.entity.item.ItemEntity
[23мар.2026 14:25:08.656] [pool-4-thread-1/DEBUG] [mixin/]: Mixing reach.PlayerEntityMixin from pehkui.mixins.json into net.minecraft.world.entity.player.Player
[23мар.2026 14:25:08.658] [pool-4-thread-1/DEBUG] [mixin/]: Mixing PlayerMixin from mixins.simpleraces.json into net.minecraft.world.entity.player.Player
[23мар.2026 14:25:08.658] [pool-4-thread-1/DEBUG] [mixin/]: Renaming synthetic method lambda$addEffect$0(Lnet/simpleraces/network/SimpleracesModVariables$PlayerVariables;)Ljava/lang/Boolean; to md7bd566$lambda$addEffect$0$0 in mixins.simpleraces.json:PlayerMixin
[23мар.2026 14:25:08.661] [pool-4-thread-1/DEBUG] [net.minecraftforge.coremod.transformer.CoreModBaseTransformer/COREMOD]: Transforming net/minecraft/world/effect/MobEffectInstance
[23мар.2026 14:25:08.668] [pool-4-thread-1/DEBUG] [mixin/]: Mixing EntityVehicleHeightOffsetMixin from pehkui.mixins.json into net.minecraft.world.entity.player.Player
[23мар.2026 14:25:08.669] [pool-4-thread-1/DEBUG] [mixin/]: Mixing PlayerEntityMixin from pehkui.mixins.json into net.minecraft.world.entity.player.Player
[23мар.2026 14:25:08.672] [pool-4-thread-1/DEBUG] [mixin/]: Mixing compat115plus.PlayerEntityMixin from pehkui.mixins.json into net.minecraft.world.entity.player.Player
[23мар.2026 14:25:08.672] [pool-4-thread-1/DEBUG] [mixin/]: Mixing compat117plus.PlayerEntityMixin from pehkui.mixins.json into net.minecraft.world.entity.player.Player
[23мар.2026 14:25:08.672] [pool-4-thread-1/DEBUG] [mixin/]: Mixing compat1194plus.PlayerEntityMixin from pehkui.mixins.json into net.minecraft.world.entity.player.Player
[23мар.2026 14:25:08.674] [pool-4-thread-1/DEBUG] [mixin/]: Mixing PlayerEntityMixin from playerAnimator-common.mixins.json into net.minecraft.world.entity.player.Player
[23мар.2026 14:25:08.674] [pool-4-thread-1/DEBUG] [mixin/]: playerAnimator-common.mixins.json:PlayerEntityMixin: Class version 61 required is higher than the class version supported by the current version of Mixin (JAVA_16 supports class version 60)
[23мар.2026 14:25:08.683] [pool-4-thread-1/DEBUG] [mixin/]: Mixing PlayerMixin from mixins.irons_spellbooks.json into net.minecraft.world.entity.player.Player
[23мар.2026 14:25:08.829] [pool-4-thread-1/DEBUG] [mixin/]: Mixing reach.IForgePlayerMixin from pehkui.mixins.json into net.minecraftforge.common.extensions.IForgePlayer
[23мар.2026 14:25:08.884] [pool-4-thread-1/DEBUG] [mixin/]: Mixing reach.compat116plus.ItemMixin from pehkui.mixins.json into net.minecraft.world.item.Item
[23мар.2026 14:25:08.884] [pool-4-thread-1/DEBUG] [mixin/]: Mixing ItemMixin from mixins.irons_spellbooks.json into net.minecraft.world.item.Item
[23мар.2026 14:25:08.897] [pool-4-thread-1/DEBUG] [mixin/]: Mixing compat117plus.patchwork.compat.IForgeItemMixin from pehkui.mixins.json into net.minecraftforge.common.extensions.IForgeItem
[23мар.2026 14:25:08.908] [pool-4-thread-1/DEBUG] [net.minecraftforge.coremod.transformer.CoreModBaseTransformer/COREMOD]: Transforming net/minecraft/world/entity/EntityType
[23мар.2026 14:25:08.993] [pool-4-thread-1/DEBUG] [mixin/]: Mixing MobEffectMixin from mixins.irons_spellbooks.json into net.minecraft.world.effect.MobEffect
[23мар.2026 14:25:09.231] [pool-4-thread-1/DEBUG] [net.minecraftforge.coremod.transformer.CoreModBaseTransformer/COREMOD]: Transforming net/minecraft/world/level/block/LiquidBlock
[23мар.2026 14:25:09.256] [pool-4-thread-1/DEBUG] [mixin/]: Mixing WebBlockMixin from mixins.simpleraces.json into net.minecraft.world.level.block.WebBlock
[23мар.2026 14:25:09.278] [pool-4-thread-1/DEBUG] [net.minecraftforge.coremod.transformer.CoreModBaseTransformer/COREMOD]: Transforming net/minecraft/world/level/block/StairBlock
[23мар.2026 14:25:09.327] [pool-4-thread-1/DEBUG] [mixin/]: Mixing PortalBlockMixin from pehkui.mixins.json into net.minecraft.world.level.block.NetherPortalBlock
[23мар.2026 14:25:09.364] [pool-4-thread-1/DEBUG] [net.minecraftforge.coremod.transformer.CoreModBaseTransformer/COREMOD]: Transforming net/minecraft/world/level/block/FlowerPotBlock
[23мар.2026 14:25:09.495] [pool-4-thread-1/DEBUG] [mixin/]: Mixing MixinPowderSnowBlock from curios.mixins.json into net.minecraft.world.level.block.PowderSnowBlock
[23мар.2026 14:25:09.691] [pool-4-thread-1/DEBUG] [mixin/]: Mixing PreEntityTickMixin from pehkui.mixins.json into net.minecraft.world.entity.item.FallingBlockEntity
[23мар.2026 14:25:09.768] [pool-4-thread-1/DEBUG] [mixin/]: Mixing reach.compat1194plus.InventoryMixin from pehkui.mixins.json into net.minecraft.world.Container
[23мар.2026 14:25:09.975] [pool-4-thread-1/DEBUG] [mixin/]: Mixing ServerPlayerEntityMixin from pehkui.mixins.json into net.minecraft.server.level.ServerPlayer
[23мар.2026 14:25:09.991] [pool-4-thread-1/DEBUG] [mixin/]: Mixing AttributesMixin from mixins.irons_spellbooks.json into net.minecraft.world.entity.ai.attributes.Attributes
[23мар.2026 14:25:10.019] [pool-4-thread-1/DEBUG] [mixin/]: Mixing PreEntityTickMixin from pehkui.mixins.json into net.minecraft.world.entity.item.PrimedTnt
[23мар.2026 14:25:10.162] [pool-4-thread-1/DEBUG] [mixin/]: Mixing ScreenHandlerMixin from pehkui.mixins.json into net.minecraft.world.inventory.AbstractContainerMenu
[23мар.2026 14:25:10.162] [pool-4-thread-1/DEBUG] [mixin/]: Mixing reach.ScreenHandlerMixin from pehkui.mixins.json into net.minecraft.world.inventory.AbstractContainerMenu
[23мар.2026 14:25:10.273] [pool-4-thread-1/DEBUG] [mixin/]: Mixing PersistentProjectileEntityMixin from pehkui.mixins.json into net.minecraft.world.entity.projectile.AbstractArrow
[23мар.2026 14:25:10.275] [pool-4-thread-1/DEBUG] [mixin/]: Mixing compat116plus.PersistentProjectileEntityMixin from pehkui.mixins.json into net.minecraft.world.entity.projectile.AbstractArrow
[23мар.2026 14:25:10.347] [pool-4-thread-1/DEBUG] [mixin/]: Mixing compat116plus.ProjectileEntityMixin from pehkui.mixins.json into net.minecraft.world.entity.projectile.Projectile
[23мар.2026 14:25:10.400] [pool-4-thread-1/DEBUG] [mixin/]: Mixing MobEntityMixin from pehkui.mixins.json into net.minecraft.world.entity.Mob
[23мар.2026 14:25:10.402] [pool-4-thread-1/DEBUG] [mixin/]: Mixing compat116plus.MobEntityMixin from pehkui.mixins.json into net.minecraft.world.entity.Mob
[23мар.2026 14:25:10.449] [pool-4-thread-1/DEBUG] [mixin/]: Mixing EntityVehicleHeightOffsetMixin from pehkui.mixins.json into net.minecraft.world.entity.monster.Silverfish
[23мар.2026 14:25:10.501] [pool-4-thread-1/DEBUG] [net.minecraftforge.coremod.transformer.CoreModBaseTransformer/COREMOD]: Transforming net/minecraft/world/item/ItemStack
[23мар.2026 14:25:10.503] [pool-4-thread-1/DEBUG] [mixin/]: Mixing ItemStackMixin from mixins.irons_spellbooks.json into net.minecraft.world.item.ItemStack
[23мар.2026 14:25:10.590] [pool-4-thread-1/DEBUG] [mixin/]: Mixing WitherEntityMixin from pehkui.mixins.json into net.minecraft.world.entity.boss.wither.WitherBoss
[23мар.2026 14:25:10.623] [pool-4-thread-1/DEBUG] [mixin/]: Mixing AnvilMenuMixin from mixins.simpleraces.json into net.minecraft.world.inventory.AnvilMenu
[23мар.2026 14:25:10.624] [pool-4-thread-1/DEBUG] [mixin/]: Renaming synthetic method lambda$onTake$4(Lnet/minecraft/world/entity/player/Player;FLnet/minecraft/world/level/Level;Lnet/minecraft/core/BlockPos;)V to md7bd566$lambda$onTake$4$0 in mixins.simpleraces.json:AnvilMenuMixin
[23мар.2026 14:25:10.624] [pool-4-thread-1/DEBUG] [mixin/]: Renaming synthetic method lambda$createInputSlotDefinitions$3(Lnet/minecraft/world/item/ItemStack;)Z to md7bd566$lambda$createInputSlotDefinitions$3$1 in mixins.simpleraces.json:AnvilMenuMixin
[23мар.2026 14:25:10.624] [pool-4-thread-1/DEBUG] [mixin/]: Renaming synthetic method lambda$createInputSlotDefinitions$2(Lnet/minecraft/world/item/ItemStack;)Z to md7bd566$lambda$createInputSlotDefinitions$2$2 in mixins.simpleraces.json:AnvilMenuMixin
[23мар.2026 14:25:10.624] [pool-4-thread-1/DEBUG] [mixin/]: Renaming synthetic method lambda$createResult$1(Lnet/simpleraces/network/SimpleracesModVariables$PlayerVariables;)Ljava/lang/Boolean; to md7bd566$lambda$createResult$1$3 in mixins.simpleraces.json:AnvilMenuMixin
[23мар.2026 14:25:10.624] [pool-4-thread-1/DEBUG] [mixin/]: Renaming synthetic method lambda$createResult$0(Lnet/simpleraces/network/SimpleracesModVariables$PlayerVariables;)Ljava/lang/Boolean; to md7bd566$lambda$createResult$0$4 in mixins.simpleraces.json:AnvilMenuMixin
[23мар.2026 14:25:10.697] [pool-4-thread-1/DEBUG] [mixin/]: Mixing compat116plus.ForgingScreenHandlerMixin from pehkui.mixins.json into net.minecraft.world.inventory.ItemCombinerMenu
[23мар.2026 14:25:10.697] [pool-4-thread-1/DEBUG] [mixin/]: Mixing reach.compat116plus.ForgingScreenHandlerMixin from pehkui.mixins.json into net.minecraft.world.inventory.ItemCombinerMenu
[23мар.2026 14:25:10.834] [pool-4-thread-1/DEBUG] [mixin/]: Mixing EntityVehicleHeightOffsetMixin from pehkui.mixins.json into net.minecraft.world.entity.animal.Animal
[23мар.2026 14:25:10.836] [pool-4-thread-1/DEBUG] [mixin/]: Mixing compat116plus.AnimalEntityMixin from pehkui.mixins.json into net.minecraft.world.entity.animal.Animal
[23мар.2026 14:25:11.331] [pool-4-thread-1/DEBUG] [net.minecraftforge.coremod.transformer.CoreModBaseTransformer/COREMOD]: Transforming net/minecraft/world/entity/animal/frog/Tadpole
[23мар.2026 14:25:11.373] [pool-4-thread-1/DEBUG] [net.minecraftforge.coremod.transformer.CoreModBaseTransformer/COREMOD]: Transforming net/minecraft/world/item/BucketItem
[23мар.2026 14:25:11.391] [pool-4-thread-1/DEBUG] [mixin/]: Mixing MixinShearsItem from curios.mixins.json into net.minecraft.world.item.ShearsItem
[23мар.2026 14:25:11.415] [pool-4-thread-1/DEBUG] [mixin/]: Mixing compat116plus.SpawnEggItemMixin from pehkui.mixins.json into net.minecraft.world.item.SpawnEggItem
[23мар.2026 14:25:11.415] [pool-4-thread-1/DEBUG] [mixin/]: Renaming synthetic method lambda$pehkui$spawnBaby$0(Lnet/minecraft/world/entity/Mob;Lnet/minecraft/world/entity/Mob;)V to md7bd566$lambda$pehkui$spawnBaby$0$0 in pehkui.mixins.json:compat116plus.SpawnEggItemMixin
[23мар.2026 14:25:11.443] [pool-4-thread-1/DEBUG] [mixin/]: Mixing TridentItemMixin from mixins.irons_spellbooks.json into net.minecraft.world.item.TridentItem
[23мар.2026 14:25:11.467] [pool-4-thread-1/DEBUG] [mixin/]: Mixing CrossbowItemMixin from pehkui.mixins.json into net.minecraft.world.item.CrossbowItem
[23мар.2026 14:25:11.519] [pool-4-thread-1/DEBUG] [mixin/]: Mixing PreEntityTickMixin from pehkui.mixins.json into net.minecraft.world.entity.vehicle.AbstractMinecart
[23мар.2026 14:25:11.559] [pool-4-thread-1/DEBUG] [mixin/]: Mixing AbstractDecorationEntityMixin from pehkui.mixins.json into net.minecraft.world.entity.decoration.HangingEntity
[23мар.2026 14:25:11.561] [pool-4-thread-1/DEBUG] [mixin/]: Mixing PreEntityTickMixin from pehkui.mixins.json into net.minecraft.world.entity.decoration.HangingEntity
[23мар.2026 14:25:11.884] [pool-4-thread-1/DEBUG] [mixin/]: Mixing compat116plus.NbtCompoundMixin from pehkui.mixins.json into net.minecraft.nbt.CompoundTag
[23мар.2026 14:25:12.287] [pool-4-thread-1/DEBUG] [mixin/]: Mixing AreaEffectCloudEntityMixin from pehkui.mixins.json into net.minecraft.world.entity.AreaEffectCloud
[23мар.2026 14:25:12.307] [pool-4-thread-1/DEBUG] [mixin/]: Mixing ArmorStandEntityMixin from pehkui.mixins.json into net.minecraft.world.entity.decoration.ArmorStand
[23мар.2026 14:25:12.307] [pool-4-thread-1/DEBUG] [mixin/]: Mixing EntityVehicleHeightOffsetMixin from pehkui.mixins.json into net.minecraft.world.entity.decoration.ArmorStand
[23мар.2026 14:25:12.332] [pool-4-thread-1/DEBUG] [mixin/]: Mixing compat117plus.AxolotlEntityMixin from pehkui.mixins.json into net.minecraft.world.entity.animal.axolotl.Axolotl
[23мар.2026 14:25:12.389] [pool-4-thread-1/DEBUG] [mixin/]: Mixing TrackTargetGoalMixin from pehkui.mixins.json into net.minecraft.world.entity.ai.goal.target.TargetGoal
[23мар.2026 14:25:12.410] [pool-4-thread-1/DEBUG] [mixin/]: Mixing BlazeEntityShootFireballGoalMixin from pehkui.mixins.json into net.minecraft.world.entity.monster.Blaze$BlazeAttackGoal
[23мар.2026 14:25:12.423] [Datafixer Bootstrap/INFO] [com.mojang.datafixers.DataFixerBuilder/]: 188 Datafixer optimizations took 146 milliseconds
[23мар.2026 14:25:12.439] [pool-4-thread-1/DEBUG] [mixin/]: Mixing BoatEntityMixin from pehkui.mixins.json into net.minecraft.world.entity.vehicle.Boat
[23мар.2026 14:25:12.439] [pool-4-thread-1/DEBUG] [mixin/]: Mixing EntityMountedHeightOffsetMixin from pehkui.mixins.json into net.minecraft.world.entity.vehicle.Boat
[23мар.2026 14:25:12.493] [pool-4-thread-1/DEBUG] [mixin/]: Mixing compat1193plus.CamelEntityMixin from pehkui.mixins.json into net.minecraft.world.entity.animal.camel.Camel
[23мар.2026 14:25:12.506] [pool-4-thread-1/DEBUG] [mixin/]: Mixing compat120plus.AbstractHorseEntityMixin from pehkui.mixins.json into net.minecraft.world.entity.animal.horse.AbstractHorse
[23мар.2026 14:25:12.532] [pool-4-thread-1/DEBUG] [net.minecraftforge.coremod.transformer.CoreModBaseTransformer/COREMOD]: Transforming net/minecraft/world/entity/monster/Spider
[23мар.2026 14:25:12.537] [pool-4-thread-1/DEBUG] [mixin/]: Mixing EntityMountedHeightOffsetMixin from pehkui.mixins.json into net.minecraft.world.entity.monster.Spider
[23мар.2026 14:25:12.543] [pool-4-thread-1/DEBUG] [mixin/]: Mixing EntityVehicleHeightOffsetMixin from pehkui.mixins.json into net.minecraft.world.entity.monster.AbstractSkeleton
[23мар.2026 14:25:12.547] [pool-4-thread-1/DEBUG] [mixin/]: Mixing reach.compat119plus.ChestBoatEntityMixin from pehkui.mixins.json into net.minecraft.world.entity.vehicle.ChestBoat
[23мар.2026 14:25:12.560] [pool-4-thread-1/DEBUG] [mixin/]: Mixing reach.compat119plus.StorageMinecartEntityMixin from pehkui.mixins.json into net.minecraft.world.entity.vehicle.AbstractMinecartContainer
[23мар.2026 14:25:12.575] [pool-4-thread-1/DEBUG] [mixin/]: Mixing CreeperMixin from mixins.irons_spellbooks.json into net.minecraft.world.entity.monster.Creeper
[23мар.2026 14:25:12.590] [pool-4-thread-1/DEBUG] [mixin/]: Mixing AbstractDonkeyEntityMixin from pehkui.mixins.json into net.minecraft.world.entity.animal.horse.AbstractChestedHorse
[23мар.2026 14:25:12.601] [pool-4-thread-1/DEBUG] [mixin/]: Mixing compat116plus.DragonFireballEntityMixin from pehkui.mixins.json into net.minecraft.world.entity.projectile.DragonFireball
[23мар.2026 14:25:12.609] [pool-4-thread-1/DEBUG] [mixin/]: Mixing ExplosiveProjectileEntityMixin from pehkui.mixins.json into net.minecraft.world.entity.projectile.AbstractHurtingProjectile
[23мар.2026 14:25:12.623] [pool-4-thread-1/DEBUG] [net.minecraftforge.coremod.transformer.CoreModBaseTransformer/COREMOD]: Transforming net/minecraft/world/entity/monster/Zombie
[23мар.2026 14:25:12.636] [pool-4-thread-1/DEBUG] [mixin/]: Mixing EntityVehicleHeightOffsetMixin from pehkui.mixins.json into net.minecraft.world.entity.monster.Zombie
[23мар.2026 14:25:12.644] [pool-4-thread-1/DEBUG] [net.minecraftforge.coremod.transformer.CoreModBaseTransformer/COREMOD]: Transforming net/minecraft/world/entity/monster/ZombieVillager
[23мар.2026 14:25:12.660] [pool-4-thread-1/DEBUG] [mixin/]: Mixing compat116plus.EggEntityMixin from pehkui.mixins.json into net.minecraft.world.entity.projectile.ThrownEgg
[23мар.2026 14:25:12.674] [pool-4-thread-1/DEBUG] [mixin/]: Mixing ThrownEntityMixin from pehkui.mixins.json into net.minecraft.world.entity.projectile.ThrowableProjectile
[23мар.2026 14:25:12.700] [pool-4-thread-1/DEBUG] [mixin/]: Mixing PreEntityTickMixin from pehkui.mixins.json into net.minecraft.world.entity.boss.enderdragon.EndCrystal
[23мар.2026 14:25:12.701] [pool-4-thread-1/DEBUG] [mixin/]: Mixing compat1193plus.EndCrystalEntityMixin from pehkui.mixins.json into net.minecraft.world.entity.boss.enderdragon.EndCrystal
[23мар.2026 14:25:12.720] [pool-4-thread-1/DEBUG] [mixin/]: Mixing EnderDragonEntityMixin from pehkui.mixins.json into net.minecraft.world.entity.boss.enderdragon.EnderDragon
[23мар.2026 14:25:12.741] [pool-4-thread-1/DEBUG] [mixin/]: Mixing compat116plus.EnderPearlEntityMixin from pehkui.mixins.json into net.minecraft.world.entity.projectile.ThrownEnderpearl
[23мар.2026 14:25:12.753] [pool-4-thread-1/DEBUG] [mixin/]: Mixing EntityVehicleHeightOffsetMixin from pehkui.mixins.json into net.minecraft.world.entity.monster.Endermite
[23мар.2026 14:25:12.765] [pool-4-thread-1/DEBUG] [mixin/]: Mixing EntityVehicleHeightOffsetMixin from pehkui.mixins.json into net.minecraft.world.entity.monster.PatrollingMonster
[23мар.2026 14:25:12.772] [pool-4-thread-1/DEBUG] [net.minecraftforge.coremod.transformer.CoreModBaseTransformer/COREMOD]: Transforming net/minecraft/world/entity/monster/Evoker$EvokerSummonSpellGoal
[23мар.2026 14:25:12.773] [pool-4-thread-1/DEBUG] [mixin/]: Mixing compat116plus.SummonVexGoalMixin from pehkui.mixins.json into net.minecraft.world.entity.monster.Evoker$EvokerSummonSpellGoal
[23мар.2026 14:25:12.795] [pool-4-thread-1/DEBUG] [mixin/]: Mixing EvokerFangsEntityMixin from pehkui.mixins.json into net.minecraft.world.entity.projectile.EvokerFangs
[23мар.2026 14:25:12.818] [pool-4-thread-1/DEBUG] [mixin/]: Mixing compat116plus.FoxEntityMateGoalMixin from pehkui.mixins.json into net.minecraft.world.entity.animal.Fox$FoxBreedGoal
[23мар.2026 14:25:12.841] [pool-4-thread-1/DEBUG] [mixin/]: Mixing GhastEntityShootFireballGoalMixin from pehkui.mixins.json into net.minecraft.world.entity.monster.Ghast$GhastShootFireballGoal
[23мар.2026 14:25:12.856] [pool-4-thread-1/DEBUG] [mixin/]: Mixing ItemFrameEntityMixin from pehkui.mixins.json into net.minecraft.world.entity.decoration.ItemFrame
[23мар.2026 14:25:12.902] [pool-4-thread-1/DEBUG] [mixin/]: Mixing compat1193plus.FireballEntityMixin from pehkui.mixins.json into net.minecraft.world.entity.projectile.LargeFireball
[23мар.2026 14:25:12.922] [pool-4-thread-1/DEBUG] [mixin/]: Mixing compat120plus.LlamaEntityMixin from pehkui.mixins.json into net.minecraft.world.entity.animal.horse.Llama
[23мар.2026 14:25:12.932] [pool-4-thread-1/DEBUG] [mixin/]: Mixing LlamaSpitEntityMixin from pehkui.mixins.json into net.minecraft.world.entity.projectile.LlamaSpit
[23мар.2026 14:25:12.943] [pool-4-thread-1/DEBUG] [mixin/]: Mixing compat117plus.SlimeEntityMixin from pehkui.mixins.json into net.minecraft.world.entity.monster.Slime
[23мар.2026 14:25:12.983] [pool-4-thread-1/DEBUG] [mixin/]: Mixing compat116plus.PigEntityMixin from pehkui.mixins.json into net.minecraft.world.entity.animal.Pig
[23мар.2026 14:25:13.010] [pool-4-thread-1/DEBUG] [mixin/]: Mixing ThrownPotionMixin from mixins.simpleraces.json into net.minecraft.world.entity.projectile.ThrownPotion
[23мар.2026 14:25:13.011] [pool-4-thread-1/DEBUG] [mixin/]: Mixing PotionEntityMixin from pehkui.mixins.json into net.minecraft.world.entity.projectile.ThrownPotion
[23мар.2026 14:25:13.067] [pool-4-thread-1/DEBUG] [mixin/]: Mixing EntityMountedHeightOffsetMixin from pehkui.mixins.json into net.minecraft.world.entity.monster.Ravager
[23мар.2026 14:25:13.077] [pool-4-thread-1/DEBUG] [mixin/]: Mixing ShulkerEntityMixin from pehkui.mixins.json into net.minecraft.world.entity.monster.Shulker
[23мар.2026 14:25:13.079] [pool-4-thread-1/DEBUG] [mixin/]: Mixing compat117plus.ShulkerEntityMixin from pehkui.mixins.json into net.minecraft.world.entity.monster.Shulker
[23мар.2026 14:25:13.106] [pool-4-thread-1/DEBUG] [mixin/]: Mixing SkeletonHorseEntityMixin from pehkui.mixins.json into net.minecraft.world.entity.animal.horse.SkeletonHorse
[23мар.2026 14:25:13.119] [pool-4-thread-1/DEBUG] [net.minecraftforge.coremod.transformer.CoreModBaseTransformer/COREMOD]: Transforming net/minecraft/world/entity/animal/horse/SkeletonTrapGoal
[23мар.2026 14:25:13.141] [pool-4-thread-1/DEBUG] [net.minecraftforge.coremod.transformer.CoreModBaseTransformer/COREMOD]: Transforming net/minecraft/world/entity/monster/Strider
[23мар.2026 14:25:13.270] [pool-4-thread-1/DEBUG] [net.minecraftforge.coremod.transformer.CoreModBaseTransformer/COREMOD]: Transforming net/minecraft/world/entity/npc/Villager
[23мар.2026 14:25:13.297] [pool-4-thread-1/DEBUG] [mixin/]: Mixing compat116plus.VillagerEntityMixin from pehkui.mixins.json into net.minecraft.world.entity.npc.Villager
[23мар.2026 14:25:13.352] [pool-4-thread-1/DEBUG] [mixin/]: Mixing compat116plus.FishingBobberEntityMixin from pehkui.mixins.json into net.minecraft.world.entity.projectile.FishingHook
[23мар.2026 14:25:13.381] [pool-4-thread-1/DEBUG] [net.minecraftforge.coremod.transformer.CoreModBaseTransformer/COREMOD]: Transforming net/minecraft/world/effect/MobEffectInstance
[23мар.2026 14:25:13.424] [pool-4-thread-1/DEBUG] [mixin/]: Mixing ServerPlayNetworkHandlerMixin from pehkui.mixins.json into net.minecraft.server.network.ServerGamePacketListenerImpl
[23мар.2026 14:25:13.427] [pool-4-thread-1/DEBUG] [mixin/]: Mixing reach.compat119plus.ServerPlayNetworkHandlerMixin from pehkui.mixins.json into net.minecraft.server.network.ServerGamePacketListenerImpl
[23мар.2026 14:25:13.496] [pool-4-thread-1/DEBUG] [mixin/]: Mixing EntitySelectorOptionsInvoker from pehkui.mixins.json into net.minecraft.commands.arguments.selector.options.EntitySelectorOptions
[23мар.2026 14:25:13.498] [pool-4-thread-1/DEBUG] [mixin/]: Renaming @Invoker method callPutOption(Ljava/lang/String;Lnet/minecraft/commands/arguments/selector/options/EntitySelectorOptions$Modifier;Ljava/util/function/Predicate;Lnet/minecraft/network/chat/Component;)V to callPutOption_$md$7bd566$0 in pehkui.mixins.json:EntitySelectorOptionsInvoker
[23мар.2026 14:25:13.504] [pool-4-thread-1/DEBUG] [mixin/]: Mixing EntitySelectorOptionsMixin from pehkui.mixins.json into net.minecraft.commands.arguments.selector.options.EntitySelectorOptions
[23мар.2026 14:25:13.538] [pool-4-thread-1/DEBUG] [mixin/]: Mixing EntitySelectorReaderMixin from pehkui.mixins.json into net.minecraft.commands.arguments.selector.EntitySelectorParser
[23мар.2026 14:25:13.539] [pool-4-thread-1/DEBUG] [mixin/]: Renaming synthetic method lambda$pehkui$buildPredicate$1(Lvirtuoel/pehkui/api/ScaleType;Lnet/minecraft/world/entity/Entity;)Z to md7bd566$lambda$pehkui$buildPredicate$1$0 in pehkui.mixins.json:EntitySelectorReaderMixin
[23мар.2026 14:25:13.539] [pool-4-thread-1/DEBUG] [mixin/]: Renaming synthetic method lambda$pehkui$buildPredicate$0(Lvirtuoel/pehkui/api/ScaleType;Lnet/minecraft/world/entity/Entity;)Z to md7bd566$lambda$pehkui$buildPredicate$0$1 in pehkui.mixins.json:EntitySelectorReaderMixin
[23мар.2026 14:25:13.598] [pool-4-thread-1/DEBUG] [mixin/]: Mixing compat117plus.ViewerCountManagerMixin from pehkui.mixins.json into net.minecraft.world.level.block.entity.ContainerOpenersCounter
[23мар.2026 14:25:13.679] [pool-4-thread-1/DEBUG] [mixin/]: Mixing MixinInventory from curios.mixins.json into net.minecraft.world.entity.player.Inventory
[23мар.2026 14:25:13.752] [pool-4-thread-1/DEBUG] [mixin/]: Mixing OperationArgumentTypeAccessor from pehkui.mixins.json into net.minecraft.commands.arguments.OperationArgument
[23мар.2026 14:25:13.752] [pool-4-thread-1/DEBUG] [mixin/]: Renaming @Accessor method getInvalidOperationException()Lcom/mojang/brigadier/exceptions/SimpleCommandExceptionType; to getInvalidOperationException_$md$7bd566$0 in pehkui.mixins.json:OperationArgumentTypeAccessor
[23мар.2026 14:25:13.758] [pool-4-thread-1/DEBUG] [mixin/]: Renaming @Accessor method getDivisionZeroException()Lcom/mojang/brigadier/exceptions/SimpleCommandExceptionType; to getDivisionZeroException_$md$7bd566$1 in pehkui.mixins.json:OperationArgumentTypeAccessor
[23мар.2026 14:25:13.826] [pool-4-thread-1/DEBUG] [mixin/]: Mixing MixinApplyBonusCount from curios.mixins.json into net.minecraft.world.level.storage.loot.functions.ApplyBonusCount
[23мар.2026 14:25:14.082] [pool-4-thread-1/DEBUG] [net.minecraftforge.coremod.transformer.CoreModBaseTransformer/COREMOD]: Transforming net/minecraft/world/level/levelgen/structure/Structure
[23мар.2026 14:25:14.129] [pool-4-thread-1/DEBUG] [net.minecraftforge.coremod.transformer.CoreModBaseTransformer/COREMOD]: Transforming net/minecraft/world/level/levelgen/structure/structures/OceanRuinPieces$OceanRuinPiece
[23мар.2026 14:25:14.153] [pool-4-thread-1/DEBUG] [net.minecraftforge.coremod.transformer.CoreModBaseTransformer/COREMOD]: Transforming net/minecraft/world/level/levelgen/structure/structures/SwampHutPiece
[23мар.2026 14:25:14.164] [pool-4-thread-1/DEBUG] [net.minecraftforge.coremod.transformer.CoreModBaseTransformer/COREMOD]: Transforming net/minecraft/world/level/levelgen/structure/structures/OceanMonumentPieces$OceanMonumentPiece
[23мар.2026 14:25:14.206] [pool-4-thread-1/DEBUG] [net.minecraftforge.coremod.transformer.CoreModBaseTransformer/COREMOD]: Transforming net/minecraft/world/level/levelgen/structure/structures/WoodlandMansionPieces$WoodlandMansionPiece
[23мар.2026 14:25:14.344] [pool-4-thread-1/DEBUG] [net.minecraftforge.coremod.transformer.CoreModBaseTransformer/COREMOD]: Transforming net/minecraft/world/level/biome/Biome
[23мар.2026 14:25:14.561] [pool-4-thread-1/DEBUG] [net.minecraftforge.registries.GameData/REGISTRIES]: Creating vanilla freeze snapshot
[23мар.2026 14:25:14.564] [pool-4-thread-1/DEBUG] [net.minecraftforge.registries.ForgeRegistry/REGISTRIES]: Registry minecraft:block Sync: VANILLA -> ACTIVE
[23мар.2026 14:25:14.573] [pool-4-thread-1/DEBUG] [net.minecraftforge.registries.ForgeRegistry/REGISTRIES]: Registry minecraft:fluid Sync: VANILLA -> ACTIVE
[23мар.2026 14:25:14.575] [pool-4-thread-1/DEBUG] [net.minecraftforge.registries.ForgeRegistry/REGISTRIES]: Registry minecraft:item Sync: VANILLA -> ACTIVE
[23мар.2026 14:25:14.584] [pool-4-thread-1/DEBUG] [net.minecraftforge.registries.ForgeRegistry/REGISTRIES]: Registry minecraft:mob_effect Sync: VANILLA -> ACTIVE
[23мар.2026 14:25:14.584] [pool-4-thread-1/DEBUG] [net.minecraftforge.registries.ForgeRegistry/REGISTRIES]: Registry minecraft:sound_event Sync: VANILLA -> ACTIVE
[23мар.2026 14:25:14.605] [pool-4-thread-1/DEBUG] [net.minecraftforge.registries.ForgeRegistry/REGISTRIES]: Registry minecraft:potion Sync: VANILLA -> ACTIVE
[23мар.2026 14:25:14.608] [pool-4-thread-1/DEBUG] [net.minecraftforge.registries.ForgeRegistry/REGISTRIES]: Registry minecraft:enchantment Sync: VANILLA -> ACTIVE
[23мар.2026 14:25:14.608] [pool-4-thread-1/DEBUG] [net.minecraftforge.registries.ForgeRegistry/REGISTRIES]: Registry minecraft:entity_type Sync: VANILLA -> ACTIVE
[23мар.2026 14:25:14.610] [pool-4-thread-1/DEBUG] [net.minecraftforge.registries.ForgeRegistry/REGISTRIES]: Registry minecraft:block_entity_type Sync: VANILLA -> ACTIVE
[23мар.2026 14:25:14.610] [pool-4-thread-1/DEBUG] [net.minecraftforge.registries.ForgeRegistry/REGISTRIES]: Registry minecraft:particle_type Sync: VANILLA -> ACTIVE
[23мар.2026 14:25:14.611] [pool-4-thread-1/DEBUG] [net.minecraftforge.registries.ForgeRegistry/REGISTRIES]: Registry minecraft:menu Sync: VANILLA -> ACTIVE
[23мар.2026 14:25:14.611] [pool-4-thread-1/DEBUG] [net.minecraftforge.registries.ForgeRegistry/REGISTRIES]: Registry minecraft:painting_variant Sync: VANILLA -> ACTIVE
[23мар.2026 14:25:14.611] [pool-4-thread-1/DEBUG] [net.minecraftforge.registries.ForgeRegistry/REGISTRIES]: Registry minecraft:recipe_type Sync: VANILLA -> ACTIVE
[23мар.2026 14:25:14.611] [pool-4-thread-1/DEBUG] [net.minecraftforge.registries.ForgeRegistry/REGISTRIES]: Registry minecraft:recipe_serializer Sync: VANILLA -> ACTIVE
[23мар.2026 14:25:14.611] [pool-4-thread-1/DEBUG] [net.minecraftforge.registries.ForgeRegistry/REGISTRIES]: Registry minecraft:attribute Sync: VANILLA -> ACTIVE
[23мар.2026 14:25:14.611] [pool-4-thread-1/DEBUG] [net.minecraftforge.registries.ForgeRegistry/REGISTRIES]: Registry minecraft:stat_type Sync: VANILLA -> ACTIVE
[23мар.2026 14:25:14.611] [pool-4-thread-1/DEBUG] [net.minecraftforge.registries.ForgeRegistry/REGISTRIES]: Registry minecraft:command_argument_type Sync: VANILLA -> ACTIVE
[23мар.2026 14:25:14.613] [pool-4-thread-1/DEBUG] [net.minecraftforge.registries.ForgeRegistry/REGISTRIES]: Registry minecraft:villager_profession Sync: VANILLA -> ACTIVE
[23мар.2026 14:25:14.613] [pool-4-thread-1/DEBUG] [net.minecraftforge.registries.ForgeRegistry/REGISTRIES]: Registry minecraft:point_of_interest_type Sync: VANILLA -> ACTIVE
[23мар.2026 14:25:14.620] [pool-4-thread-1/DEBUG] [net.minecraftforge.registries.ForgeRegistry/REGISTRIES]: Registry minecraft:memory_module_type Sync: VANILLA -> ACTIVE
[23мар.2026 14:25:14.625] [pool-4-thread-1/DEBUG] [net.minecraftforge.registries.ForgeRegistry/REGISTRIES]: Registry minecraft:sensor_type Sync: VANILLA -> ACTIVE
[23мар.2026 14:25:14.626] [pool-4-thread-1/DEBUG] [net.minecraftforge.registries.ForgeRegistry/REGISTRIES]: Registry minecraft:schedule Sync: VANILLA -> ACTIVE
[23мар.2026 14:25:14.626] [pool-4-thread-1/DEBUG] [net.minecraftforge.registries.ForgeRegistry/REGISTRIES]: Registry minecraft:activity Sync: VANILLA -> ACTIVE
[23мар.2026 14:25:14.628] [pool-4-thread-1/DEBUG] [net.minecraftforge.registries.ForgeRegistry/REGISTRIES]: Registry minecraft:worldgen/carver Sync: VANILLA -> ACTIVE
[23мар.2026 14:25:14.628] [pool-4-thread-1/DEBUG] [net.minecraftforge.registries.ForgeRegistry/REGISTRIES]: Registry minecraft:worldgen/feature Sync: VANILLA -> ACTIVE
[23мар.2026 14:25:14.628] [pool-4-thread-1/DEBUG] [net.minecraftforge.registries.ForgeRegistry/REGISTRIES]: Registry minecraft:chunk_status Sync: VANILLA -> ACTIVE
[23мар.2026 14:25:14.628] [pool-4-thread-1/DEBUG] [net.minecraftforge.registries.ForgeRegistry/REGISTRIES]: Registry minecraft:worldgen/block_state_provider_type Sync: VANILLA -> ACTIVE
[23мар.2026 14:25:14.628] [pool-4-thread-1/DEBUG] [net.minecraftforge.registries.ForgeRegistry/REGISTRIES]: Registry minecraft:worldgen/foliage_placer_type Sync: VANILLA -> ACTIVE
[23мар.2026 14:25:14.633] [pool-4-thread-1/DEBUG] [net.minecraftforge.registries.ForgeRegistry/REGISTRIES]: Registry minecraft:worldgen/tree_decorator_type Sync: VANILLA -> ACTIVE
[23мар.2026 14:25:14.635] [pool-4-thread-1/DEBUG] [net.minecraftforge.registries.ForgeRegistry/REGISTRIES]: Registry minecraft:worldgen/biome Sync: VANILLA -> ACTIVE
[23мар.2026 14:25:14.649] [pool-4-thread-1/DEBUG] [net.minecraftforge.registries.GameData/REGISTRIES]: Vanilla freeze snapshot created
[23мар.2026 14:25:14.717] [pool-4-thread-1/DEBUG] [io.netty.util.internal.PlatformDependent0/]: -Dio.netty.noUnsafe: false
[23мар.2026 14:25:14.717] [pool-4-thread-1/DEBUG] [io.netty.util.internal.PlatformDependent0/]: Java version: 17
[23мар.2026 14:25:14.717] [pool-4-thread-1/DEBUG] [io.netty.util.internal.PlatformDependent0/]: sun.misc.Unsafe.theUnsafe: available
[23мар.2026 14:25:14.719] [pool-4-thread-1/DEBUG] [io.netty.util.internal.PlatformDependent0/]: sun.misc.Unsafe.copyMemory: available
[23мар.2026 14:25:14.719] [pool-4-thread-1/DEBUG] [io.netty.util.internal.PlatformDependent0/]: sun.misc.Unsafe.storeFence: available
[23мар.2026 14:25:14.719] [pool-4-thread-1/DEBUG] [io.netty.util.internal.PlatformDependent0/]: java.nio.Buffer.address: available
[23мар.2026 14:25:14.720] [pool-4-thread-1/DEBUG] [io.netty.util.internal.PlatformDependent0/]: direct buffer constructor: unavailable
java.lang.UnsupportedOperationException: Reflective setAccessible(true) disabled
	at io.netty.util.internal.ReflectionUtil.trySetAccessible(ReflectionUtil.java:31) ~[netty-common-4.1.82.Final.jar%23151!/:4.1.82.Final]
	at io.netty.util.internal.PlatformDependent0$5.run(PlatformDependent0.java:288) ~[netty-common-4.1.82.Final.jar%23151!/:4.1.82.Final]
	at java.security.AccessController.doPrivileged(AccessController.java:318) ~[?:?]
	at io.netty.util.internal.PlatformDependent0.<clinit>(PlatformDependent0.java:282) ~[netty-common-4.1.82.Final.jar%23151!/:4.1.82.Final]
	at io.netty.util.internal.PlatformDependent.isAndroid(PlatformDependent.java:333) ~[netty-common-4.1.82.Final.jar%23151!/:4.1.82.Final]
	at io.netty.util.internal.PlatformDependent.<clinit>(PlatformDependent.java:88) ~[netty-common-4.1.82.Final.jar%23151!/:4.1.82.Final]
	at io.netty.util.ConstantPool.<init>(ConstantPool.java:34) ~[netty-common-4.1.82.Final.jar%23151!/:4.1.82.Final]
	at io.netty.util.AttributeKey$1.<init>(AttributeKey.java:27) ~[netty-common-4.1.82.Final.jar%23151!/:4.1.82.Final]
	at io.netty.util.AttributeKey.<clinit>(AttributeKey.java:27) ~[netty-common-4.1.82.Final.jar%23151!/:4.1.82.Final]
	at net.minecraftforge.network.NetworkConstants.<clinit>(NetworkConstants.java:34) ~[forge-1.20.1-47.4.0_mapped_official_1.20.1.jar%23190%23197!/:?]
	at net.minecraftforge.network.NetworkHooks.init(NetworkHooks.java:52) ~[forge-1.20.1-47.4.0_mapped_official_1.20.1.jar%23190%23197!/:?]
	at net.minecraft.server.Bootstrap.bootStrap(Bootstrap.java:62) ~[forge-1.20.1-47.4.0_mapped_official_1.20.1.jar%23191!/:?]
	at net.minecraft.client.main.Main.lambda$main$0(Main.java:151) ~[forge-1.20.1-47.4.0_mapped_official_1.20.1.jar%23191!/:?]
	at java.util.concurrent.Executors$RunnableAdapter.call(Executors.java:539) ~[?:?]
	at java.util.concurrent.FutureTask.run(FutureTask.java:264) ~[?:?]
	at java.util.concurrent.ThreadPoolExecutor.runWorker(ThreadPoolExecutor.java:1136) ~[?:?]
	at java.util.concurrent.ThreadPoolExecutor$Worker.run(ThreadPoolExecutor.java:635) ~[?:?]
	at java.lang.Thread.run(Thread.java:840) ~[?:?]
[23мар.2026 14:25:14.722] [pool-4-thread-1/DEBUG] [io.netty.util.internal.PlatformDependent0/]: java.nio.Bits.unaligned: available, true
[23мар.2026 14:25:14.724] [pool-4-thread-1/DEBUG] [io.netty.util.internal.PlatformDependent0/]: jdk.internal.misc.Unsafe.allocateUninitializedArray(int): unavailable
java.lang.IllegalAccessException: class io.netty.util.internal.PlatformDependent0$7 (in module io.netty.common) cannot access class jdk.internal.misc.Unsafe (in module java.base) because module java.base does not export jdk.internal.misc to module io.netty.common
	at jdk.internal.reflect.Reflection.newIllegalAccessException(Reflection.java:392) ~[?:?]
	at java.lang.reflect.AccessibleObject.checkAccess(AccessibleObject.java:674) ~[?:?]
	at java.lang.reflect.Method.invoke(Method.java:561) ~[?:?]
	at io.netty.util.internal.PlatformDependent0$7.run(PlatformDependent0.java:410) ~[netty-common-4.1.82.Final.jar%23151!/:4.1.82.Final]
	at java.security.AccessController.doPrivileged(AccessController.java:318) ~[?:?]
	at io.netty.util.internal.PlatformDependent0.<clinit>(PlatformDependent0.java:401) ~[netty-common-4.1.82.Final.jar%23151!/:4.1.82.Final]
	at io.netty.util.internal.PlatformDependent.isAndroid(PlatformDependent.java:333) ~[netty-common-4.1.82.Final.jar%23151!/:4.1.82.Final]
	at io.netty.util.internal.PlatformDependent.<clinit>(PlatformDependent.java:88) ~[netty-common-4.1.82.Final.jar%23151!/:4.1.82.Final]
	at io.netty.util.ConstantPool.<init>(ConstantPool.java:34) ~[netty-common-4.1.82.Final.jar%23151!/:4.1.82.Final]
	at io.netty.util.AttributeKey$1.<init>(AttributeKey.java:27) ~[netty-common-4.1.82.Final.jar%23151!/:4.1.82.Final]
	at io.netty.util.AttributeKey.<clinit>(AttributeKey.java:27) ~[netty-common-4.1.82.Final.jar%23151!/:4.1.82.Final]
	at net.minecraftforge.network.NetworkConstants.<clinit>(NetworkConstants.java:34) ~[forge-1.20.1-47.4.0_mapped_official_1.20.1.jar%23190%23197!/:?]
	at net.minecraftforge.network.NetworkHooks.init(NetworkHooks.java:52) ~[forge-1.20.1-47.4.0_mapped_official_1.20.1.jar%23190%23197!/:?]
	at net.minecraft.server.Bootstrap.bootStrap(Bootstrap.java:62) ~[forge-1.20.1-47.4.0_mapped_official_1.20.1.jar%23191!/:?]
	at net.minecraft.client.main.Main.lambda$main$0(Main.java:151) ~[forge-1.20.1-47.4.0_mapped_official_1.20.1.jar%23191!/:?]
	at java.util.concurrent.Executors$RunnableAdapter.call(Executors.java:539) ~[?:?]
	at java.util.concurrent.FutureTask.run(FutureTask.java:264) ~[?:?]
	at java.util.concurrent.ThreadPoolExecutor.runWorker(ThreadPoolExecutor.java:1136) ~[?:?]
	at java.util.concurrent.ThreadPoolExecutor$Worker.run(ThreadPoolExecutor.java:635) ~[?:?]
	at java.lang.Thread.run(Thread.java:840) ~[?:?]
[23мар.2026 14:25:14.724] [pool-4-thread-1/DEBUG] [io.netty.util.internal.PlatformDependent0/]: java.nio.DirectByteBuffer.<init>(long, int): unavailable
[23мар.2026 14:25:14.724] [pool-4-thread-1/DEBUG] [io.netty.util.internal.PlatformDependent/]: sun.misc.Unsafe: available
[23мар.2026 14:25:14.726] [pool-4-thread-1/DEBUG] [io.netty.util.internal.PlatformDependent/]: maxDirectMemory: 4227858432 bytes (maybe)
[23мар.2026 14:25:14.726] [pool-4-thread-1/DEBUG] [io.netty.util.internal.PlatformDependent/]: -Dio.netty.tmpdir: C:\Users\Sanek\AppData\Local\Temp (java.io.tmpdir)
[23мар.2026 14:25:14.726] [pool-4-thread-1/DEBUG] [io.netty.util.internal.PlatformDependent/]: -Dio.netty.bitMode: 64 (sun.arch.data.model)
[23мар.2026 14:25:14.726] [pool-4-thread-1/DEBUG] [io.netty.util.internal.PlatformDependent/]: Platform: Windows
[23мар.2026 14:25:14.727] [pool-4-thread-1/DEBUG] [io.netty.util.internal.PlatformDependent/]: -Dio.netty.maxDirectMemory: -1 bytes
[23мар.2026 14:25:14.727] [pool-4-thread-1/DEBUG] [io.netty.util.internal.PlatformDependent/]: -Dio.netty.uninitializedArrayAllocationThreshold: -1
[23мар.2026 14:25:14.729] [pool-4-thread-1/DEBUG] [io.netty.util.internal.CleanerJava9/]: java.nio.ByteBuffer.cleaner(): available
[23мар.2026 14:25:14.729] [pool-4-thread-1/DEBUG] [io.netty.util.internal.PlatformDependent/]: -Dio.netty.noPreferDirect: false
[23мар.2026 14:25:14.801] [pool-4-thread-1/DEBUG] [net.minecraftforge.network.NetworkHooks/]: Loading Network data for FML net version: FML3
[23мар.2026 14:25:14.996] [Render thread/DEBUG] [mixin/]: Mixing client.compat120plus.InGameHudMixin from pehkui.mixins.json into net.minecraft.client.gui.Gui
[23мар.2026 14:25:14.997] [Render thread/DEBUG] [mixin/]: Mixing GuiMixin from mixins.irons_spellbooks.json into net.minecraft.client.gui.Gui
[23мар.2026 14:25:15.023] [Render thread/DEBUG] [mixin/]: Mixing client.ClientWorldMixin from pehkui.mixins.json into net.minecraft.client.multiplayer.ClientLevel
[23мар.2026 14:25:15.040] [Render thread/DEBUG] [mixin/]: Mixing client.ClientPlayerEntityMixin from pehkui.mixins.json into net.minecraft.client.player.LocalPlayer
[23мар.2026 14:25:15.042] [Render thread/DEBUG] [mixin/]: Mixing client.compat1182plus.ClientPlayerEntityMixin from pehkui.mixins.json into net.minecraft.client.player.LocalPlayer
[23мар.2026 14:25:15.042] [Render thread/DEBUG] [mixin/]: Mixing MixinLocalPlayer from caelus.mixins.json into net.minecraft.client.player.LocalPlayer
[23мар.2026 14:25:15.042] [Render thread/DEBUG] [mixin/]: Mixing LocalPlayerMixin from mixins.irons_spellbooks.json into net.minecraft.client.player.LocalPlayer
[23мар.2026 14:25:15.087] [Render thread/DEBUG] [mixin/]: Mixing AbstractClientPlayerMixin from mixins.irons_spellbooks.json into net.minecraft.client.player.AbstractClientPlayer
[23мар.2026 14:25:15.103] [Render thread/DEBUG] [mixin/]: Mixing client.compat120plus.InventoryScreenMixin from pehkui.mixins.json into net.minecraft.client.gui.screens.inventory.InventoryScreen
[23мар.2026 14:25:15.108] [Render thread/DEBUG] [mixin/]: Renaming synthetic method lambda$pehkui$drawEntity$head$0(Lvirtuoel/pehkui/api/ScaleType;)Lvirtuoel/pehkui/api/ScaleData; to md7bd566$lambda$pehkui$drawEntity$head$0$0 in pehkui.mixins.json:client.compat120plus.InventoryScreenMixin
[23мар.2026 14:25:15.187] [Render thread/WARN] [net.minecraft.server.packs.VanillaPackResourcesBuilder/]: Assets URL 'union:/C:/Users/Sanek/.gradle/caches/forge_gradle/minecraft_user_repo/net/minecraftforge/forge/1.20.1-47.4.0_mapped_official_1.20.1/forge-1.20.1-47.4.0_mapped_official_1.20.1.jar%23191!/assets/.mcassetsroot' uses unexpected schema
[23мар.2026 14:25:15.187] [Render thread/WARN] [net.minecraft.server.packs.VanillaPackResourcesBuilder/]: Assets URL 'union:/C:/Users/Sanek/.gradle/caches/forge_gradle/minecraft_user_repo/net/minecraftforge/forge/1.20.1-47.4.0_mapped_official_1.20.1/forge-1.20.1-47.4.0_mapped_official_1.20.1.jar%23191!/data/.mcassetsroot' uses unexpected schema
[23мар.2026 14:25:15.209] [Render thread/INFO] [com.mojang.authlib.yggdrasil.YggdrasilAuthenticationService/]: Environment: authHost='https://authserver.mojang.com', accountsHost='https://api.mojang.com', sessionHost='https://sessionserver.mojang.com', servicesHost='https://api.minecraftservices.com', name='PROD'
[23мар.2026 14:25:15.215] [Render thread/INFO] [net.minecraft.client.Minecraft/]: Setting user: Dev
[23мар.2026 14:25:15.334] [Render thread/INFO] [net.minecraft.client.Minecraft/]: Backend library: LWJGL version 3.3.1 build 7
[23мар.2026 14:25:15.566] [Render thread/DEBUG] [net.minecraftforge.common.ForgeI18n/CORE]: Loading I18N data entries: 6434
[23мар.2026 14:25:15.592] [Render thread/DEBUG] [net.minecraftforge.fml.ModWorkManager/LOADING]: Using 16 threads for parallel mod-loading
[23мар.2026 14:25:15.602] [Render thread/DEBUG] [net.minecraftforge.fml.javafmlmod.FMLJavaModLanguageProvider/LOADING]: Loading FMLModContainer from classloader cpw.mods.modlauncher.TransformingClassLoader@630390b9 - got cpw.mods.cl.ModuleClassLoader@3be4f71
[23мар.2026 14:25:15.603] [Render thread/DEBUG] [net.minecraftforge.fml.javafmlmod.FMLModContainer/LOADING]: Creating FMLModContainer instance for virtuoel.pehkui.Pehkui
[23мар.2026 14:25:15.606] [Render thread/DEBUG] [net.minecraftforge.fml.javafmlmod.FMLJavaModLanguageProvider/LOADING]: Loading FMLModContainer from classloader cpw.mods.modlauncher.TransformingClassLoader@630390b9 - got cpw.mods.cl.ModuleClassLoader@3be4f71
[23мар.2026 14:25:15.606] [Render thread/DEBUG] [net.minecraftforge.fml.javafmlmod.FMLModContainer/LOADING]: Creating FMLModContainer instance for top.theillusivec4.caelus.Caelus
[23мар.2026 14:25:15.608] [Render thread/DEBUG] [net.minecraftforge.fml.javafmlmod.FMLJavaModLanguageProvider/LOADING]: Loading FMLModContainer from classloader cpw.mods.modlauncher.TransformingClassLoader@630390b9 - got cpw.mods.cl.ModuleClassLoader@3be4f71
[23мар.2026 14:25:15.608] [Render thread/DEBUG] [net.minecraftforge.fml.javafmlmod.FMLModContainer/LOADING]: Creating FMLModContainer instance for net.minecraftforge.common.ForgeMod
[23мар.2026 14:25:15.610] [Render thread/DEBUG] [net.minecraftforge.fml.javafmlmod.FMLJavaModLanguageProvider/LOADING]: Loading FMLModContainer from classloader cpw.mods.modlauncher.TransformingClassLoader@630390b9 - got cpw.mods.cl.ModuleClassLoader@3be4f71
[23мар.2026 14:25:15.610] [Render thread/DEBUG] [net.minecraftforge.fml.javafmlmod.FMLModContainer/LOADING]: Creating FMLModContainer instance for top.theillusivec4.curios.Curios
[23мар.2026 14:25:15.612] [Render thread/DEBUG] [net.minecraftforge.fml.javafmlmod.FMLJavaModLanguageProvider/LOADING]: Loading FMLModContainer from classloader cpw.mods.modlauncher.TransformingClassLoader@630390b9 - got cpw.mods.cl.ModuleClassLoader@3be4f71
[23мар.2026 14:25:15.612] [Render thread/DEBUG] [net.minecraftforge.fml.javafmlmod.FMLModContainer/LOADING]: Creating FMLModContainer instance for com.kleiders.kleidersplayerrenderer.KleidersCustomRendererMod
[23мар.2026 14:25:15.613] [Render thread/DEBUG] [net.minecraftforge.fml.javafmlmod.FMLJavaModLanguageProvider/LOADING]: Loading FMLModContainer from classloader cpw.mods.modlauncher.TransformingClassLoader@630390b9 - got cpw.mods.cl.ModuleClassLoader@3be4f71
[23мар.2026 14:25:15.613] [Render thread/DEBUG] [net.minecraftforge.fml.javafmlmod.FMLModContainer/LOADING]: Creating FMLModContainer instance for software.bernie.example.GeckoLibMod
[23мар.2026 14:25:15.613] [Render thread/DEBUG] [net.minecraftforge.fml.javafmlmod.FMLJavaModLanguageProvider/LOADING]: Loading FMLModContainer from classloader cpw.mods.modlauncher.TransformingClassLoader@630390b9 - got cpw.mods.cl.ModuleClassLoader@3be4f71
[23мар.2026 14:25:15.613] [Render thread/DEBUG] [net.minecraftforge.fml.javafmlmod.FMLModContainer/LOADING]: Creating FMLModContainer instance for dev.kosmx.playerAnim.forge.ForgeModInterface
[23мар.2026 14:25:15.613] [Render thread/DEBUG] [net.minecraftforge.fml.javafmlmod.FMLJavaModLanguageProvider/LOADING]: Loading FMLModContainer from classloader cpw.mods.modlauncher.TransformingClassLoader@630390b9 - got cpw.mods.cl.ModuleClassLoader@3be4f71
[23мар.2026 14:25:15.613] [Render thread/DEBUG] [net.minecraftforge.fml.javafmlmod.FMLModContainer/LOADING]: Creating FMLModContainer instance for io.redspace.ironsspellbooks.IronsSpellbooks
[23мар.2026 14:25:15.615] [Render thread/DEBUG] [net.minecraftforge.fml.javafmlmod.FMLJavaModLanguageProvider/LOADING]: Loading FMLModContainer from classloader cpw.mods.modlauncher.TransformingClassLoader@630390b9 - got cpw.mods.cl.ModuleClassLoader@3be4f71
[23мар.2026 14:25:15.615] [Render thread/DEBUG] [net.minecraftforge.fml.javafmlmod.FMLModContainer/LOADING]: Creating FMLModContainer instance for net.simpleraces.SimpleracesMod
[23мар.2026 14:25:15.616] [Render thread/DEBUG] [net.minecraftforge.fml.javafmlmod.FMLJavaModLanguageProvider/LOADING]: Loading FMLModContainer from classloader cpw.mods.modlauncher.TransformingClassLoader@630390b9 - got cpw.mods.cl.ModuleClassLoader@3be4f71
[23мар.2026 14:25:15.616] [Render thread/DEBUG] [net.minecraftforge.fml.javafmlmod.FMLModContainer/LOADING]: Creating FMLModContainer instance for com.jabroni.weightmod.WeightMod
[23мар.2026 14:25:15.637] [modloading-worker-0/DEBUG] [mixin/]: Mixing MixinCaelusApi from caelus.mixins.json into top.theillusivec4.caelus.api.CaelusApi
[23мар.2026 14:25:15.643] [modloading-worker-0/DEBUG] [net.minecraftforge.fml.javafmlmod.AutomaticEventSubscriber/LOADING]: Attempting to inject @EventBusSubscriber classes into the eventbus for playeranimator
[23мар.2026 14:25:15.648] [modloading-worker-0/DEBUG] [mixin/]: Mixing pehkui.compat.ScaleTypeMixin from pehkui.mixins.json into virtuoel.pehkui.api.ScaleType
[23мар.2026 14:25:15.651] [modloading-worker-0/DEBUG] [net.minecraftforge.fml.javafmlmod.AutomaticEventSubscriber/LOADING]: Auto-subscribing dev.kosmx.playerAnim.forge.ForgeClientEvent to MOD
[23мар.2026 14:25:15.664] [modloading-worker-0/WARN] [net.minecraft.network.syncher.SynchedEntityData/]: defineId called for: class net.minecraft.world.entity.player.Player from class net.simpleraces.SimpleracesMod
[23мар.2026 14:25:15.672] [modloading-worker-0/INFO] [net.simpleraces.data.WerewolfForbiddenItems/]: Loaded 182 forbidden items for werewolves from assets
[23мар.2026 14:25:15.673] [modloading-worker-0/DEBUG] [net.minecraftforge.fml.javafmlmod.AutomaticEventSubscriber/LOADING]: Attempting to inject @EventBusSubscriber classes into the eventbus for caelus
[23мар.2026 14:25:15.687] [modloading-worker-0/DEBUG] [net.minecraftforge.versions.forge.ForgeVersion/CORE]: Forge Version package package net.minecraftforge.versions.forge, Forge, version 47.4 from cpw.mods.modlauncher.TransformingClassLoader@630390b9
[23мар.2026 14:25:15.687] [modloading-worker-0/DEBUG] [net.minecraftforge.versions.forge.ForgeVersion/CORE]: Found Forge version 47.4.0
[23мар.2026 14:25:15.687] [modloading-worker-0/DEBUG] [net.minecraftforge.versions.forge.ForgeVersion/CORE]: Found Forge spec 47.4
[23мар.2026 14:25:15.687] [modloading-worker-0/DEBUG] [net.minecraftforge.versions.forge.ForgeVersion/CORE]: Found Forge group net.minecraftforge
[23мар.2026 14:25:15.688] [modloading-worker-0/INFO] [net.minecraftforge.common.ForgeMod/FORGEMOD]: Forge mod loading, version 47.4.0, for MC 1.20.1 with MCP 20230612.114412
[23мар.2026 14:25:15.688] [modloading-worker-0/INFO] [net.minecraftforge.common.MinecraftForge/FORGE]: MinecraftForge v47.4.0 Initialized
[23мар.2026 14:25:15.698] [modloading-worker-0/DEBUG] [net.minecraftforge.fml.javafmlmod.AutomaticEventSubscriber/LOADING]: Attempting to inject @EventBusSubscriber classes into the eventbus for kleiders_custom_renderer
[23мар.2026 14:25:15.698] [modloading-worker-0/DEBUG] [net.minecraftforge.fml.javafmlmod.AutomaticEventSubscriber/LOADING]: Auto-subscribing com.kleiders.kleidersplayerrenderer.procedures.TestProcedure to FORGE
[23мар.2026 14:25:15.723] [modloading-worker-0/DEBUG] [mixin/]: Mixing client.compat120plus.EntityRendererMixin from pehkui.mixins.json into net.minecraft.client.renderer.entity.EntityRenderer
[23мар.2026 14:25:15.724] [modloading-worker-0/DEBUG] [mixin/]: Mixing EntityRendererMixin from mixins.irons_spellbooks.json into net.minecraft.client.renderer.entity.EntityRenderer
[23мар.2026 14:25:15.729] [modloading-worker-0/DEBUG] [net.minecraftforge.fml.config.ConfigTracker/CONFIG]: Config file weightmod-common.toml for weightmod tracking
[23мар.2026 14:25:15.731] [modloading-worker-0/DEBUG] [net.minecraftforge.fml.javafmlmod.AutomaticEventSubscriber/LOADING]: Attempting to inject @EventBusSubscriber classes into the eventbus for weightmod
[23мар.2026 14:25:15.731] [modloading-worker-0/DEBUG] [net.minecraftforge.fml.javafmlmod.AutomaticEventSubscriber/LOADING]: Auto-subscribing com.jabroni.weightmod.handler.WeightTooltipHandler to FORGE
[23мар.2026 14:25:15.753] [modloading-worker-0/DEBUG] [net.minecraftforge.fml.javafmlmod.AutomaticEventSubscriber/LOADING]: Auto-subscribing com.kleiders.kleidersplayerrenderer.init.KleidersCustomRendererModModels to MOD
[23мар.2026 14:25:15.755] [modloading-worker-0/DEBUG] [net.minecraftforge.fml.javafmlmod.AutomaticEventSubscriber/LOADING]: Auto-subscribing com.jabroni.weightmod.handler.WeightEventHandler to FORGE
[23мар.2026 14:25:15.770] [modloading-worker-0/DEBUG] [net.minecraftforge.fml.config.ConfigTracker/CONFIG]: Config file curios-client.toml for curios tracking
[23мар.2026 14:25:15.778] [modloading-worker-0/DEBUG] [net.minecraftforge.fml.config.ConfigTracker/CONFIG]: Config file curios-common.toml for curios tracking
[23мар.2026 14:25:15.778] [modloading-worker-0/DEBUG] [net.minecraftforge.fml.config.ConfigTracker/CONFIG]: Config file curios-server.toml for curios tracking
[23мар.2026 14:25:15.778] [modloading-worker-0/DEBUG] [net.minecraftforge.fml.javafmlmod.AutomaticEventSubscriber/LOADING]: Attempting to inject @EventBusSubscriber classes into the eventbus for curios
[23мар.2026 14:25:15.779] [modloading-worker-0/DEBUG] [net.minecraftforge.fml.javafmlmod.AutomaticEventSubscriber/LOADING]: Auto-subscribing top.theillusivec4.curios.Curios$ClientProxy to MOD
[23мар.2026 14:25:15.781] [modloading-worker-0/DEBUG] [mixin/]: Mixing firstPerson.LivingEntityRendererMixin from playerAnimator-common.mixins.json into net.minecraft.client.renderer.entity.LivingEntityRenderer
[23мар.2026 14:25:15.781] [modloading-worker-0/DEBUG] [mixin/]: playerAnimator-common.mixins.json:firstPerson.LivingEntityRendererMixin: Class version 61 required is higher than the class version supported by the current version of Mixin (JAVA_16 supports class version 60)
[23мар.2026 14:25:15.781] [modloading-worker-0/DEBUG] [mixin/]: Renaming synthetic method lambda$filterLayers$0(Ljava/lang/Object;)Z to md7bd566$lambda$filterLayers$0$0 in playerAnimator-common.mixins.json:firstPerson.LivingEntityRendererMixin
[23мар.2026 14:25:15.805] [modloading-worker-0/DEBUG] [mixin/]: Mixing FeatureRendererMixin from playerAnimator-common.mixins.json into net.minecraft.client.renderer.entity.layers.RenderLayer
[23мар.2026 14:25:15.805] [modloading-worker-0/DEBUG] [mixin/]: playerAnimator-common.mixins.json:FeatureRendererMixin: Class version 61 required is higher than the class version supported by the current version of Mixin (JAVA_16 supports class version 60)
[23мар.2026 14:25:15.835] [modloading-worker-0/DEBUG] [net.minecraftforge.fml.config.ConfigTracker/CONFIG]: Config file pehkui-client.toml for pehkui tracking
[23мар.2026 14:25:15.835] [modloading-worker-0/DEBUG] [net.minecraftforge.fml.config.ConfigTracker/CONFIG]: Config file pehkui-server.toml for pehkui tracking
[23мар.2026 14:25:15.835] [modloading-worker-0/DEBUG] [net.minecraftforge.fml.config.ConfigTracker/CONFIG]: Config file pehkui-common.toml for pehkui tracking
[23мар.2026 14:25:15.852] [modloading-worker-0/DEBUG] [net.minecraftforge.fml.config.ConfigTracker/CONFIG]: Config file forge-client.toml for forge tracking
[23мар.2026 14:25:15.852] [modloading-worker-0/DEBUG] [net.minecraftforge.fml.config.ConfigTracker/CONFIG]: Config file forge-server.toml for forge tracking
[23мар.2026 14:25:15.852] [modloading-worker-0/DEBUG] [net.minecraftforge.fml.ModLoadingContext/]: Attempted to register an empty config for type COMMON on mod forge
[23мар.2026 14:25:15.860] [modloading-worker-0/DEBUG] [net.minecraftforge.fml.javafmlmod.AutomaticEventSubscriber/LOADING]: Attempting to inject @EventBusSubscriber classes into the eventbus for pehkui
[23мар.2026 14:25:15.872] [modloading-worker-0/DEBUG] [net.minecraftforge.fml.javafmlmod.AutomaticEventSubscriber/LOADING]: Attempting to inject @EventBusSubscriber classes into the eventbus for geckolib
[23мар.2026 14:25:15.872] [modloading-worker-0/DEBUG] [net.minecraftforge.fml.javafmlmod.AutomaticEventSubscriber/LOADING]: Auto-subscribing software.bernie.example.GeckoLibMod to FORGE
[23мар.2026 14:25:15.872] [modloading-worker-0/DEBUG] [net.minecraftforge.fml.javafmlmod.AutomaticEventSubscriber/LOADING]: Auto-subscribing software.bernie.example.CommonListener to MOD
[23мар.2026 14:25:15.876] [modloading-worker-0/DEBUG] [net.minecraftforge.fml.javafmlmod.AutomaticEventSubscriber/LOADING]: Auto-subscribing software.bernie.example.ClientListener to MOD
[23мар.2026 14:25:15.882] [modloading-worker-0/DEBUG] [net.minecraftforge.fml.javafmlmod.AutomaticEventSubscriber/LOADING]: Attempting to inject @EventBusSubscriber classes into the eventbus for forge
[23мар.2026 14:25:15.884] [modloading-worker-0/DEBUG] [net.minecraftforge.fml.javafmlmod.AutomaticEventSubscriber/LOADING]: Auto-subscribing net.minecraftforge.common.ForgeSpawnEggItem$CommonHandler to MOD
[23мар.2026 14:25:15.885] [modloading-worker-0/DEBUG] [net.minecraftforge.fml.javafmlmod.AutomaticEventSubscriber/LOADING]: Auto-subscribing net.minecraftforge.common.ForgeSpawnEggItem$ColorRegisterHandler to MOD
[23мар.2026 14:25:15.893] [modloading-worker-0/DEBUG] [net.minecraftforge.fml.javafmlmod.AutomaticEventSubscriber/LOADING]: Auto-subscribing net.minecraftforge.client.model.data.ModelDataManager to FORGE
[23мар.2026 14:25:15.897] [modloading-worker-0/DEBUG] [net.minecraftforge.fml.javafmlmod.AutomaticEventSubscriber/LOADING]: Auto-subscribing net.minecraftforge.client.ForgeHooksClient$ClientEvents to MOD
[23мар.2026 14:25:15.897] [modloading-worker-0/DEBUG] [net.minecraftforge.fml.javafmlmod.AutomaticEventSubscriber/LOADING]: Attempting to inject @EventBusSubscriber classes into the eventbus for simpleraces
[23мар.2026 14:25:15.897] [modloading-worker-0/DEBUG] [net.minecraftforge.fml.javafmlmod.AutomaticEventSubscriber/LOADING]: Auto-subscribing net.simpleraces.client.renderer.OverlayRenderer to FORGE
[23мар.2026 14:25:15.902] [modloading-worker-0/DEBUG] [net.minecraftforge.fml.javafmlmod.AutomaticEventSubscriber/LOADING]: Auto-subscribing net.simpleraces.client.WerewolfForbiddenFoodOverlay to FORGE
[23мар.2026 14:25:15.907] [modloading-worker-0/DEBUG] [net.minecraftforge.fml.javafmlmod.AutomaticEventSubscriber/LOADING]: Auto-subscribing net.simpleraces.command.ClassresetCommand to FORGE
[23мар.2026 14:25:15.910] [modloading-worker-0/DEBUG] [net.minecraftforge.fml.javafmlmod.AutomaticEventSubscriber/LOADING]: Auto-subscribing net.simpleraces.init.SimpleracesModConfigs to MOD
[23мар.2026 14:25:15.912] [modloading-worker-0/DEBUG] [net.minecraftforge.fml.javafmlmod.AutomaticEventSubscriber/LOADING]: Auto-subscribing net.simpleraces.init.SimpleracesModEntities to MOD
[23мар.2026 14:25:15.914] [modloading-worker-0/DEBUG] [net.minecraftforge.fml.javafmlmod.AutomaticEventSubscriber/LOADING]: Auto-subscribing net.simpleraces.init.SimpleracesModEntityRenderers to MOD
[23мар.2026 14:25:15.917] [modloading-worker-0/DEBUG] [net.minecraftforge.fml.javafmlmod.AutomaticEventSubscriber/LOADING]: Auto-subscribing net.minecraftforge.client.ClientForgeMod to MOD
[23мар.2026 14:25:15.921] [modloading-worker-0/DEBUG] [net.minecraftforge.fml.javafmlmod.AutomaticEventSubscriber/LOADING]: Auto-subscribing net.simpleraces.init.SimpleracesModKeyMappings$KeyEventListener to FORGE
[23мар.2026 14:25:15.929] [modloading-worker-0/DEBUG] [net.minecraftforge.fml.javafmlmod.AutomaticEventSubscriber/LOADING]: Auto-subscribing net.simpleraces.init.SimpleracesModKeyMappings to MOD
[23мар.2026 14:25:15.932] [modloading-worker-0/DEBUG] [net.minecraftforge.fml.javafmlmod.AutomaticEventSubscriber/LOADING]: Auto-subscribing net.simpleraces.init.SimpleracesModScreens to MOD
[23мар.2026 14:25:15.934] [modloading-worker-0/DEBUG] [net.minecraftforge.fml.javafmlmod.AutomaticEventSubscriber/LOADING]: Auto-subscribing net.simpleraces.init.SimpleracesModTabs to MOD
[23мар.2026 14:25:15.939] [modloading-worker-0/DEBUG] [net.minecraftforge.fml.javafmlmod.AutomaticEventSubscriber/LOADING]: Auto-subscribing net.simpleraces.network.SimpleracesModVariables$EventBusVariableHandlers to FORGE
[23мар.2026 14:25:15.945] [modloading-worker-0/DEBUG] [net.minecraftforge.fml.javafmlmod.AutomaticEventSubscriber/LOADING]: Auto-subscribing net.simpleraces.network.SimpleracesModVariables$HeatCapabilityProvider to FORGE
[23мар.2026 14:25:15.946] [modloading-worker-0/DEBUG] [net.minecraftforge.fml.javafmlmod.AutomaticEventSubscriber/LOADING]: Auto-subscribing net.simpleraces.network.SimpleracesModVariables$PlayerVariablesProvider to FORGE
[23мар.2026 14:25:15.949] [modloading-worker-0/DEBUG] [net.minecraftforge.fml.javafmlmod.AutomaticEventSubscriber/LOADING]: Auto-subscribing net.simpleraces.network.SimpleracesModVariables to MOD
[23мар.2026 14:25:15.960] [modloading-worker-0/DEBUG] [net.minecraftforge.fml.javafmlmod.AutomaticEventSubscriber/LOADING]: Auto-subscribing net.simpleraces.procedures.AttributeDeathFixProcedure to FORGE
[23мар.2026 14:25:15.960] [modloading-worker-0/DEBUG] [net.minecraftforge.fml.javafmlmod.AutomaticEventSubscriber/LOADING]: Auto-subscribing net.simpleraces.procedures.ClassAbilitiesProcedure to FORGE
[23мар.2026 14:25:15.963] [modloading-worker-0/DEBUG] [net.minecraftforge.fml.javafmlmod.AutomaticEventSubscriber/LOADING]: Auto-subscribing net.simpleraces.procedures.DrakonicAttackProcedure to FORGE
[23мар.2026 14:25:15.968] [modloading-worker-0/DEBUG] [net.minecraftforge.fml.javafmlmod.AutomaticEventSubscriber/LOADING]: Auto-subscribing net.simpleraces.procedures.ElfEatsMeatProcedure to FORGE
[23мар.2026 14:25:15.971] [modloading-worker-0/DEBUG] [net.minecraftforge.fml.javafmlmod.AutomaticEventSubscriber/LOADING]: Auto-subscribing net.simpleraces.procedures.ElfMagicProcedure to FORGE
[23мар.2026 14:25:15.973] [modloading-worker-0/DEBUG] [net.minecraftforge.fml.javafmlmod.AutomaticEventSubscriber/LOADING]: Auto-subscribing net.simpleraces.procedures.ElvenBowProcedure to FORGE
[23мар.2026 14:25:15.979] [modloading-worker-0/DEBUG] [net.minecraftforge.fml.javafmlmod.AutomaticEventSubscriber/LOADING]: Auto-subscribing net.simpleraces.procedures.ForcePickProcedure to FORGE
[23мар.2026 14:25:15.981] [modloading-worker-0/DEBUG] [net.minecraftforge.fml.javafmlmod.AutomaticEventSubscriber/LOADING]: Auto-subscribing net.simpleraces.procedures.JoinMessageProcedure to FORGE
[23мар.2026 14:25:15.982] [modloading-worker-0/DEBUG] [net.minecraftforge.fml.javafmlmod.AutomaticEventSubscriber/LOADING]: Auto-subscribing net.simpleraces.procedures.KleidersArmProcedure to FORGE
[23мар.2026 14:25:15.986] [modloading-worker-0/DEBUG] [net.minecraftforge.fml.javafmlmod.AutomaticEventSubscriber/LOADING]: Auto-subscribing net.simpleraces.procedures.KleidersTestingProcedure to FORGE
[23мар.2026 14:25:15.988] [modloading-worker-0/DEBUG] [mixin/]: Mixing client.compat115plus.PlayerEntityRendererMixin from pehkui.mixins.json into net.minecraft.client.renderer.entity.player.PlayerRenderer
[23мар.2026 14:25:15.988] [modloading-worker-0/DEBUG] [mixin/]: Mixing PlayerRendererMixin from playerAnimator-common.mixins.json into net.minecraft.client.renderer.entity.player.PlayerRenderer
[23мар.2026 14:25:15.988] [modloading-worker-0/DEBUG] [mixin/]: playerAnimator-common.mixins.json:PlayerRendererMixin: Class version 61 required is higher than the class version supported by the current version of Mixin (JAVA_16 supports class version 60)
[23мар.2026 14:25:16.044] [modloading-worker-0/DEBUG] [net.minecraftforge.fml.javafmlmod.AutomaticEventSubscriber/LOADING]: Auto-subscribing net.simpleraces.procedures.RaceMechanicsProcedure to FORGE
[23мар.2026 14:25:16.065] [modloading-worker-0/DEBUG] [net.minecraftforge.fml.javafmlmod.AutomaticEventSubscriber/LOADING]: Auto-subscribing net.simpleraces.procedures.ResizerProcedure to FORGE
[23мар.2026 14:25:16.067] [modloading-worker-0/DEBUG] [net.minecraftforge.fml.javafmlmod.AutomaticEventSubscriber/LOADING]: Auto-subscribing net.simpleraces.procedures.WerewolfFoodRestrictionProcedure to FORGE
[23мар.2026 14:25:16.211] [modloading-worker-0/DEBUG] [net.minecraftforge.fml.config.ConfigTracker/CONFIG]: Config file irons_spellbooks-client.toml for irons_spellbooks tracking
[23мар.2026 14:25:16.241] [modloading-worker-0/DEBUG] [net.minecraftforge.fml.config.ConfigTracker/CONFIG]: Config file irons_spellbooks-server.toml for irons_spellbooks tracking
[23мар.2026 14:25:16.246] [modloading-worker-0/DEBUG] [net.minecraftforge.fml.javafmlmod.AutomaticEventSubscriber/LOADING]: Attempting to inject @EventBusSubscriber classes into the eventbus for irons_spellbooks
[23мар.2026 14:25:16.246] [modloading-worker-0/DEBUG] [net.minecraftforge.fml.javafmlmod.AutomaticEventSubscriber/LOADING]: Auto-subscribing io.redspace.ironsspellbooks.worldgen.VillageAddition to FORGE
[23мар.2026 14:25:16.247] [modloading-worker-0/DEBUG] [net.minecraftforge.fml.javafmlmod.AutomaticEventSubscriber/LOADING]: Auto-subscribing io.redspace.ironsspellbooks.setup.PlayerAnimationTrigger to FORGE
[23мар.2026 14:25:16.252] [modloading-worker-0/DEBUG] [net.minecraftforge.fml.javafmlmod.AutomaticEventSubscriber/LOADING]: Auto-subscribing io.redspace.ironsspellbooks.setup.DataHandling to FORGE
[23мар.2026 14:25:16.255] [modloading-worker-0/DEBUG] [net.minecraftforge.fml.javafmlmod.AutomaticEventSubscriber/LOADING]: Auto-subscribing io.redspace.ironsspellbooks.setup.CommonSetup to MOD
[23мар.2026 14:25:16.258] [modloading-worker-0/DEBUG] [net.minecraftforge.fml.javafmlmod.AutomaticEventSubscriber/LOADING]: Auto-subscribing io.redspace.ironsspellbooks.setup.ClientSetup to MOD
[23мар.2026 14:25:16.285] [modloading-worker-0/DEBUG] [net.minecraftforge.fml.javafmlmod.AutomaticEventSubscriber/LOADING]: Auto-subscribing io.redspace.ironsspellbooks.registries.OverlayRegistry to FORGE
[23мар.2026 14:25:16.285] [modloading-worker-0/DEBUG] [net.minecraftforge.fml.javafmlmod.AutomaticEventSubscriber/LOADING]: Auto-subscribing io.redspace.ironsspellbooks.registries.CreativeTabRegistry to MOD
[23мар.2026 14:25:16.287] [modloading-worker-0/DEBUG] [net.minecraftforge.fml.javafmlmod.AutomaticEventSubscriber/LOADING]: Auto-subscribing io.redspace.ironsspellbooks.registries.CommandRegistry to FORGE
[23мар.2026 14:25:16.287] [modloading-worker-0/DEBUG] [net.minecraftforge.fml.javafmlmod.AutomaticEventSubscriber/LOADING]: Auto-subscribing io.redspace.ironsspellbooks.player.ServerPlayerEvents to FORGE
[23мар.2026 14:25:16.314] [modloading-worker-0/DEBUG] [net.minecraftforge.fml.javafmlmod.AutomaticEventSubscriber/LOADING]: Auto-subscribing io.redspace.ironsspellbooks.player.KeyMappings to MOD
[23мар.2026 14:25:16.315] [modloading-worker-0/DEBUG] [net.minecraftforge.fml.javafmlmod.AutomaticEventSubscriber/LOADING]: Auto-subscribing io.redspace.ironsspellbooks.player.ClientPlayerEvents to FORGE
[23мар.2026 14:25:16.321] [modloading-worker-0/DEBUG] [mixin/]: Mixing client.CameraMixin from pehkui.mixins.json into net.minecraft.client.Camera
[23мар.2026 14:25:16.323] [modloading-worker-0/DEBUG] [mixin/]: Mixing firstPerson.CameraAccessor from playerAnimator-common.mixins.json into net.minecraft.client.Camera
[23мар.2026 14:25:16.323] [modloading-worker-0/DEBUG] [mixin/]: playerAnimator-common.mixins.json:firstPerson.CameraAccessor: Class version 61 required is higher than the class version supported by the current version of Mixin (JAVA_16 supports class version 60)
[23мар.2026 14:25:16.339] [modloading-worker-0/DEBUG] [net.minecraftforge.fml.javafmlmod.AutomaticEventSubscriber/LOADING]: Auto-subscribing io.redspace.ironsspellbooks.player.ClientInputEvents to FORGE
[23мар.2026 14:25:16.345] [modloading-worker-0/DEBUG] [net.minecraftforge.fml.javafmlmod.AutomaticEventSubscriber/LOADING]: Auto-subscribing io.redspace.ironsspellbooks.player.AdditionalWanderingTrades to FORGE
[23мар.2026 14:25:16.345] [modloading-worker-0/DEBUG] [net.minecraftforge.fml.javafmlmod.AutomaticEventSubscriber/LOADING]: Auto-subscribing io.redspace.ironsspellbooks.loot.LootDebugEvents to FORGE
[23мар.2026 14:25:16.346] [modloading-worker-0/DEBUG] [net.minecraftforge.fml.javafmlmod.AutomaticEventSubscriber/LOADING]: Auto-subscribing io.redspace.ironsspellbooks.entity.spells.EarthquakeAoe to FORGE
[23мар.2026 14:25:16.356] [modloading-worker-0/DEBUG] [mixin/]: Mixing compat116plus.ExplosionMixin from pehkui.mixins.json into net.minecraft.world.level.Explosion
[23мар.2026 14:25:16.382] [modloading-worker-0/DEBUG] [net.minecraftforge.fml.javafmlmod.AutomaticEventSubscriber/LOADING]: Auto-subscribing io.redspace.ironsspellbooks.entity.mobs.wizards.WizardAIEvents to FORGE
[23мар.2026 14:25:16.386] [modloading-worker-0/DEBUG] [net.minecraftforge.fml.javafmlmod.AutomaticEventSubscriber/LOADING]: Auto-subscribing io.redspace.ironsspellbooks.entity.mobs.dead_king_boss.DeadKingMusicManager to FORGE
[23мар.2026 14:25:16.389] [modloading-worker-0/DEBUG] [net.minecraftforge.fml.javafmlmod.AutomaticEventSubscriber/LOADING]: Auto-subscribing io.redspace.ironsspellbooks.effect.guiding_bolt.GuidingBoltManager to FORGE
[23мар.2026 14:25:16.392] [modloading-worker-0/DEBUG] [net.minecraftforge.fml.javafmlmod.AutomaticEventSubscriber/LOADING]: Auto-subscribing io.redspace.ironsspellbooks.effect.ThunderstormEffect to FORGE
[23мар.2026 14:25:16.394] [modloading-worker-0/DEBUG] [net.minecraftforge.fml.javafmlmod.AutomaticEventSubscriber/LOADING]: Auto-subscribing io.redspace.ironsspellbooks.effect.OakskinEffect to FORGE
[23мар.2026 14:25:16.395] [modloading-worker-0/DEBUG] [net.minecraftforge.fml.javafmlmod.AutomaticEventSubscriber/LOADING]: Auto-subscribing io.redspace.ironsspellbooks.effect.GluttonyEffect to FORGE
[23мар.2026 14:25:16.395] [modloading-worker-0/DEBUG] [net.minecraftforge.fml.javafmlmod.AutomaticEventSubscriber/LOADING]: Auto-subscribing io.redspace.ironsspellbooks.effect.EchoingStrikesEffect to FORGE
[23мар.2026 14:25:16.397] [modloading-worker-0/DEBUG] [net.minecraftforge.fml.javafmlmod.AutomaticEventSubscriber/LOADING]: Auto-subscribing io.redspace.ironsspellbooks.effect.BlightEffect to FORGE
[23мар.2026 14:25:16.398] [modloading-worker-0/DEBUG] [net.minecraftforge.fml.javafmlmod.AutomaticEventSubscriber/LOADING]: Auto-subscribing io.redspace.ironsspellbooks.datagen.DataGenerators to MOD
[23мар.2026 14:25:16.398] [modloading-worker-0/DEBUG] [net.minecraftforge.fml.javafmlmod.AutomaticEventSubscriber/LOADING]: Auto-subscribing io.redspace.ironsspellbooks.damage.DamageSources to FORGE
[23мар.2026 14:25:16.403] [modloading-worker-0/DEBUG] [net.minecraftforge.fml.javafmlmod.AutomaticEventSubscriber/LOADING]: Auto-subscribing io.redspace.ironsspellbooks.api.util.CameraShakeManager to FORGE
[23мар.2026 14:25:16.406] [modloading-worker-0/DEBUG] [mixin/]: Mixing client.compat115plus.GameRendererMixin from pehkui.mixins.json into net.minecraft.client.renderer.GameRenderer
[23мар.2026 14:25:16.407] [modloading-worker-0/DEBUG] [mixin/]: Mixing client.compat1193plus.GameRendererMixin from pehkui.mixins.json into net.minecraft.client.renderer.GameRenderer
[23мар.2026 14:25:16.451] [modloading-worker-0/DEBUG] [net.minecraftforge.fml.javafmlmod.AutomaticEventSubscriber/LOADING]: Auto-subscribing io.redspace.ironsspellbooks.api.registry.AttributeRegistry to MOD
[23мар.2026 14:25:16.454] [Render thread/DEBUG] [net.minecraftforge.fml.DeferredWorkQueue/LOADING]: Dispatching synchronous work for work queue CONSTRUCT: 1 jobs
[23мар.2026 14:25:16.460] [Render thread/DEBUG] [net.minecraftforge.fml.config.ConfigTracker/CONFIG]: Config file Simple RPG Races.toml for simpleraces tracking
[23мар.2026 14:25:16.460] [Render thread/DEBUG] [net.minecraftforge.fml.DeferredWorkQueue/LOADING]: Synchronous work queue completed in 5.271 ms
[23мар.2026 14:25:16.493] [Render thread/DEBUG] [net.minecraftforge.registries.ObjectHolderRegistry/REGISTRIES]: Processing ObjectHolder annotations
[23мар.2026 14:25:16.528] [Render thread/DEBUG] [net.minecraftforge.registries.ObjectHolderRegistry/REGISTRIES]: Found 4491 ObjectHolder annotations
[23мар.2026 14:25:16.532] [Render thread/DEBUG] [net.minecraftforge.common.capabilities.CapabilityManager/CAPABILITIES]: Attempting to automatically register: Lnet/minecraftforge/energy/IEnergyStorage;
[23мар.2026 14:25:16.534] [Render thread/DEBUG] [net.minecraftforge.common.capabilities.CapabilityManager/CAPABILITIES]: Attempting to automatically register: Lnet/minecraftforge/fluids/capability/IFluidHandler;
[23мар.2026 14:25:16.534] [Render thread/DEBUG] [net.minecraftforge.common.capabilities.CapabilityManager/CAPABILITIES]: Attempting to automatically register: Lnet/minecraftforge/fluids/capability/IFluidHandlerItem;
[23мар.2026 14:25:16.534] [Render thread/DEBUG] [net.minecraftforge.common.capabilities.CapabilityManager/CAPABILITIES]: Attempting to automatically register: Lnet/minecraftforge/items/IItemHandler;
[23мар.2026 14:25:16.537] [Render thread/DEBUG] [net.minecraftforge.registries.GameData/REGISTRIES]: Unfreezing vanilla registries
[23мар.2026 14:25:16.546] [Render thread/DEBUG] [net.minecraftforge.registries.GameData/REGISTRIES]: Applying holder lookups: minecraft:sound_event
[23мар.2026 14:25:16.550] [Render thread/DEBUG] [net.minecraftforge.registries.GameData/REGISTRIES]: Holder lookups applied: minecraft:sound_event
[23мар.2026 14:25:16.550] [Render thread/DEBUG] [net.minecraftforge.registries.GameData/REGISTRIES]: Applying holder lookups: minecraft:fluid
[23мар.2026 14:25:16.552] [Render thread/DEBUG] [net.minecraftforge.registries.GameData/REGISTRIES]: Holder lookups applied: minecraft:fluid
[23мар.2026 14:25:16.556] [Render thread/DEBUG] [net.minecraftforge.registries.GameData/REGISTRIES]: Applying holder lookups: minecraft:block
[23мар.2026 14:25:16.559] [Render thread/DEBUG] [net.minecraftforge.registries.GameData/REGISTRIES]: Holder lookups applied: minecraft:block
[23мар.2026 14:25:16.562] [Render thread/DEBUG] [net.minecraftforge.registries.GameData/REGISTRIES]: Applying holder lookups: minecraft:attribute
[23мар.2026 14:25:16.564] [Render thread/DEBUG] [net.minecraftforge.registries.GameData/REGISTRIES]: Holder lookups applied: minecraft:attribute
[23мар.2026 14:25:16.568] [Render thread/DEBUG] [net.minecraftforge.registries.GameData/REGISTRIES]: Applying holder lookups: minecraft:mob_effect
[23мар.2026 14:25:16.568] [Render thread/DEBUG] [net.minecraftforge.registries.GameData/REGISTRIES]: Holder lookups applied: minecraft:mob_effect
[23мар.2026 14:25:16.585] [Render thread/DEBUG] [net.minecraftforge.registries.GameData/REGISTRIES]: Applying holder lookups: minecraft:particle_type
[23мар.2026 14:25:16.586] [Render thread/DEBUG] [net.minecraftforge.registries.GameData/REGISTRIES]: Holder lookups applied: minecraft:particle_type
[23мар.2026 14:25:16.589] [Render thread/DEBUG] [mixin/]: Mixing BipedEntityModelMixin from playerAnimator-common.mixins.json into net.minecraft.client.model.HumanoidModel
[23мар.2026 14:25:16.591] [Render thread/DEBUG] [mixin/]: playerAnimator-common.mixins.json:BipedEntityModelMixin: Class version 61 required is higher than the class version supported by the current version of Mixin (JAVA_16 supports class version 60)
[23мар.2026 14:25:16.592] [Render thread/DEBUG] [mixin/]: Renaming synthetic method lambda$renderToBuffer$3(Lcom/mojang/blaze3d/vertex/PoseStack;Lcom/mojang/blaze3d/vertex/VertexConsumer;IIFFFFLnet/minecraft/client/model/geom/ModelPart;)V to md7bd566$lambda$renderToBuffer$3$0 in playerAnimator-common.mixins.json:BipedEntityModelMixin
[23мар.2026 14:25:16.592] [Render thread/DEBUG] [mixin/]: Renaming synthetic method lambda$renderToBuffer$2(Lcom/mojang/blaze3d/vertex/PoseStack;Lcom/mojang/blaze3d/vertex/VertexConsumer;IIFFFFLnet/minecraft/client/model/geom/ModelPart;)V to md7bd566$lambda$renderToBuffer$2$1 in playerAnimator-common.mixins.json:BipedEntityModelMixin
[23мар.2026 14:25:16.592] [Render thread/DEBUG] [mixin/]: Renaming synthetic method lambda$renderToBuffer$1(Lcom/mojang/blaze3d/vertex/PoseStack;Lcom/mojang/blaze3d/vertex/VertexConsumer;IIFFFFLnet/minecraft/client/model/geom/ModelPart;)V to md7bd566$lambda$renderToBuffer$1$2 in playerAnimator-common.mixins.json:BipedEntityModelMixin
[23мар.2026 14:25:16.592] [Render thread/DEBUG] [mixin/]: Renaming synthetic method lambda$renderToBuffer$0(Lcom/mojang/blaze3d/vertex/PoseStack;Lcom/mojang/blaze3d/vertex/VertexConsumer;IIFFFFLnet/minecraft/client/model/geom/ModelPart;)V to md7bd566$lambda$renderToBuffer$0$3 in playerAnimator-common.mixins.json:BipedEntityModelMixin
[23мар.2026 14:25:16.638] [Render thread/DEBUG] [software.bernie.geckolib.GeckoLib/]: Registered SyncedAnimatable for class software.bernie.example.item.JackInTheBoxItem
[23мар.2026 14:25:16.668] [Render thread/DEBUG] [io.netty.util.internal.InternalThreadLocalMap/]: -Dio.netty.threadLocalMap.stringBuilder.initialSize: 1024
[23мар.2026 14:25:16.668] [Render thread/DEBUG] [io.netty.util.internal.InternalThreadLocalMap/]: -Dio.netty.threadLocalMap.stringBuilder.maxSize: 4096
[23мар.2026 14:25:16.668] [Render thread/DEBUG] [io.netty.util.internal.ThreadLocalRandom/]: -Dio.netty.initialSeedUniquifier: 0xa036d31a436d7fc2
[23мар.2026 14:25:16.681] [Render thread/DEBUG] [net.minecraftforge.registries.GameData/REGISTRIES]: Applying holder lookups: minecraft:item
[23мар.2026 14:25:16.684] [Render thread/DEBUG] [net.minecraftforge.registries.GameData/REGISTRIES]: Holder lookups applied: minecraft:item
[23мар.2026 14:25:16.780] [Render thread/DEBUG] [net.minecraftforge.registries.GameData/REGISTRIES]: Applying holder lookups: minecraft:entity_type
[23мар.2026 14:25:16.781] [Render thread/DEBUG] [net.minecraftforge.registries.GameData/REGISTRIES]: Holder lookups applied: minecraft:entity_type
[23мар.2026 14:25:16.781] [Render thread/DEBUG] [net.minecraftforge.registries.GameData/REGISTRIES]: Applying holder lookups: minecraft:sensor_type
[23мар.2026 14:25:16.782] [Render thread/DEBUG] [net.minecraftforge.registries.GameData/REGISTRIES]: Holder lookups applied: minecraft:sensor_type
[23мар.2026 14:25:16.782] [Render thread/DEBUG] [net.minecraftforge.registries.GameData/REGISTRIES]: Applying holder lookups: minecraft:memory_module_type
[23мар.2026 14:25:16.782] [Render thread/DEBUG] [net.minecraftforge.registries.GameData/REGISTRIES]: Holder lookups applied: minecraft:memory_module_type
[23мар.2026 14:25:16.784] [Render thread/DEBUG] [net.minecraftforge.registries.GameData/REGISTRIES]: Applying holder lookups: minecraft:potion
[23мар.2026 14:25:16.784] [Render thread/DEBUG] [net.minecraftforge.registries.GameData/REGISTRIES]: Holder lookups applied: minecraft:potion
[23мар.2026 14:25:16.784] [Render thread/DEBUG] [net.minecraftforge.registries.GameData/REGISTRIES]: Applying holder lookups: minecraft:game_event
[23мар.2026 14:25:16.784] [Render thread/DEBUG] [net.minecraftforge.registries.GameData/REGISTRIES]: Holder lookups applied: minecraft:game_event
[23мар.2026 14:25:16.784] [Render thread/DEBUG] [net.minecraftforge.registries.GameData/REGISTRIES]: Applying holder lookups: minecraft:enchantment
[23мар.2026 14:25:16.785] [Render thread/DEBUG] [net.minecraftforge.registries.GameData/REGISTRIES]: Holder lookups applied: minecraft:enchantment
[23мар.2026 14:25:16.793] [Render thread/DEBUG] [net.minecraftforge.registries.GameData/REGISTRIES]: Applying holder lookups: minecraft:block_entity_type
[23мар.2026 14:25:16.793] [Render thread/DEBUG] [net.minecraftforge.registries.GameData/REGISTRIES]: Holder lookups applied: minecraft:block_entity_type
[23мар.2026 14:25:16.795] [Render thread/DEBUG] [net.minecraftforge.registries.GameData/REGISTRIES]: Applying holder lookups: minecraft:painting_variant
[23мар.2026 14:25:16.795] [Render thread/DEBUG] [net.minecraftforge.registries.GameData/REGISTRIES]: Holder lookups applied: minecraft:painting_variant
[23мар.2026 14:25:16.795] [Render thread/DEBUG] [net.minecraftforge.registries.GameData/REGISTRIES]: Applying holder lookups: minecraft:stat_type
[23мар.2026 14:25:16.795] [Render thread/DEBUG] [net.minecraftforge.registries.GameData/REGISTRIES]: Holder lookups applied: minecraft:stat_type
[23мар.2026 14:25:16.796] [Render thread/DEBUG] [net.minecraftforge.registries.GameData/REGISTRIES]: Applying holder lookups: minecraft:custom_stat
[23мар.2026 14:25:16.796] [Render thread/DEBUG] [net.minecraftforge.registries.GameData/REGISTRIES]: Holder lookups applied: minecraft:custom_stat
[23мар.2026 14:25:16.796] [Render thread/DEBUG] [net.minecraftforge.registries.GameData/REGISTRIES]: Applying holder lookups: minecraft:chunk_status
[23мар.2026 14:25:16.796] [Render thread/DEBUG] [net.minecraftforge.registries.GameData/REGISTRIES]: Holder lookups applied: minecraft:chunk_status
[23мар.2026 14:25:16.796] [Render thread/DEBUG] [net.minecraftforge.registries.GameData/REGISTRIES]: Applying holder lookups: minecraft:rule_test
[23мар.2026 14:25:16.796] [Render thread/DEBUG] [net.minecraftforge.registries.GameData/REGISTRIES]: Holder lookups applied: minecraft:rule_test
[23мар.2026 14:25:16.798] [Render thread/DEBUG] [net.minecraftforge.registries.GameData/REGISTRIES]: Applying holder lookups: minecraft:rule_block_entity_modifier
[23мар.2026 14:25:16.798] [Render thread/DEBUG] [net.minecraftforge.registries.GameData/REGISTRIES]: Holder lookups applied: minecraft:rule_block_entity_modifier
[23мар.2026 14:25:16.798] [Render thread/DEBUG] [net.minecraftforge.registries.GameData/REGISTRIES]: Applying holder lookups: minecraft:pos_rule_test
[23мар.2026 14:25:16.798] [Render thread/DEBUG] [net.minecraftforge.registries.GameData/REGISTRIES]: Holder lookups applied: minecraft:pos_rule_test
[23мар.2026 14:25:16.817] [Render thread/DEBUG] [net.minecraftforge.registries.GameData/REGISTRIES]: Applying holder lookups: minecraft:menu
[23мар.2026 14:25:16.818] [Render thread/DEBUG] [net.minecraftforge.registries.GameData/REGISTRIES]: Holder lookups applied: minecraft:menu
[23мар.2026 14:25:16.818] [Render thread/DEBUG] [net.minecraftforge.registries.GameData/REGISTRIES]: Applying holder lookups: minecraft:recipe_type
[23мар.2026 14:25:16.820] [Render thread/DEBUG] [net.minecraftforge.registries.GameData/REGISTRIES]: Holder lookups applied: minecraft:recipe_type
[23мар.2026 14:25:16.830] [Render thread/DEBUG] [net.minecraftforge.registries.GameData/REGISTRIES]: Applying holder lookups: minecraft:recipe_serializer
[23мар.2026 14:25:16.832] [Render thread/DEBUG] [net.minecraftforge.registries.GameData/REGISTRIES]: Holder lookups applied: minecraft:recipe_serializer
[23мар.2026 14:25:16.832] [Render thread/DEBUG] [net.minecraftforge.registries.GameData/REGISTRIES]: Applying holder lookups: minecraft:position_source_type
[23мар.2026 14:25:16.832] [Render thread/DEBUG] [net.minecraftforge.registries.GameData/REGISTRIES]: Holder lookups applied: minecraft:position_source_type
[23мар.2026 14:25:16.835] [Render thread/DEBUG] [net.minecraftforge.registries.GameData/REGISTRIES]: Applying holder lookups: minecraft:command_argument_type
[23мар.2026 14:25:16.836] [Render thread/DEBUG] [net.minecraftforge.registries.GameData/REGISTRIES]: Holder lookups applied: minecraft:command_argument_type
[23мар.2026 14:25:16.836] [Render thread/DEBUG] [net.minecraftforge.registries.GameData/REGISTRIES]: Applying holder lookups: minecraft:villager_type
[23мар.2026 14:25:16.836] [Render thread/DEBUG] [net.minecraftforge.registries.GameData/REGISTRIES]: Holder lookups applied: minecraft:villager_type
[23мар.2026 14:25:16.836] [Render thread/DEBUG] [net.minecraftforge.registries.GameData/REGISTRIES]: Applying holder lookups: minecraft:villager_profession
[23мар.2026 14:25:16.838] [Render thread/DEBUG] [net.minecraftforge.registries.GameData/REGISTRIES]: Holder lookups applied: minecraft:villager_profession
[23мар.2026 14:25:16.838] [Render thread/DEBUG] [net.minecraftforge.registries.GameData/REGISTRIES]: Applying holder lookups: minecraft:point_of_interest_type
[23мар.2026 14:25:16.838] [Render thread/DEBUG] [net.minecraftforge.registries.GameData/REGISTRIES]: Holder lookups applied: minecraft:point_of_interest_type
[23мар.2026 14:25:16.838] [Render thread/DEBUG] [net.minecraftforge.registries.GameData/REGISTRIES]: Applying holder lookups: minecraft:schedule
[23мар.2026 14:25:16.838] [Render thread/DEBUG] [net.minecraftforge.registries.GameData/REGISTRIES]: Holder lookups applied: minecraft:schedule
[23мар.2026 14:25:16.838] [Render thread/DEBUG] [net.minecraftforge.registries.GameData/REGISTRIES]: Applying holder lookups: minecraft:activity
[23мар.2026 14:25:16.838] [Render thread/DEBUG] [net.minecraftforge.registries.GameData/REGISTRIES]: Holder lookups applied: minecraft:activity
[23мар.2026 14:25:16.838] [Render thread/DEBUG] [net.minecraftforge.registries.GameData/REGISTRIES]: Applying holder lookups: minecraft:loot_pool_entry_type
[23мар.2026 14:25:16.839] [Render thread/DEBUG] [net.minecraftforge.registries.GameData/REGISTRIES]: Holder lookups applied: minecraft:loot_pool_entry_type
[23мар.2026 14:25:16.841] [Render thread/DEBUG] [net.minecraftforge.registries.GameData/REGISTRIES]: Applying holder lookups: minecraft:loot_function_type
[23мар.2026 14:25:16.842] [Render thread/DEBUG] [net.minecraftforge.registries.GameData/REGISTRIES]: Holder lookups applied: minecraft:loot_function_type
[23мар.2026 14:25:16.845] [Render thread/DEBUG] [net.minecraftforge.registries.GameData/REGISTRIES]: Applying holder lookups: minecraft:loot_condition_type
[23мар.2026 14:25:16.845] [Render thread/DEBUG] [net.minecraftforge.registries.GameData/REGISTRIES]: Holder lookups applied: minecraft:loot_condition_type
[23мар.2026 14:25:16.845] [Render thread/DEBUG] [net.minecraftforge.registries.GameData/REGISTRIES]: Applying holder lookups: minecraft:loot_number_provider_type
[23мар.2026 14:25:16.845] [Render thread/DEBUG] [net.minecraftforge.registries.GameData/REGISTRIES]: Holder lookups applied: minecraft:loot_number_provider_type
[23мар.2026 14:25:16.847] [Render thread/DEBUG] [net.minecraftforge.registries.GameData/REGISTRIES]: Applying holder lookups: minecraft:loot_nbt_provider_type
[23мар.2026 14:25:16.847] [Render thread/DEBUG] [net.minecraftforge.registries.GameData/REGISTRIES]: Holder lookups applied: minecraft:loot_nbt_provider_type
[23мар.2026 14:25:16.847] [Render thread/DEBUG] [net.minecraftforge.registries.GameData/REGISTRIES]: Applying holder lookups: minecraft:loot_score_provider_type
[23мар.2026 14:25:16.847] [Render thread/DEBUG] [net.minecraftforge.registries.GameData/REGISTRIES]: Holder lookups applied: minecraft:loot_score_provider_type
[23мар.2026 14:25:16.847] [Render thread/DEBUG] [net.minecraftforge.registries.GameData/REGISTRIES]: Applying holder lookups: minecraft:float_provider_type
[23мар.2026 14:25:16.848] [Render thread/DEBUG] [net.minecraftforge.registries.GameData/REGISTRIES]: Holder lookups applied: minecraft:float_provider_type
[23мар.2026 14:25:16.848] [Render thread/DEBUG] [net.minecraftforge.registries.GameData/REGISTRIES]: Applying holder lookups: minecraft:int_provider_type
[23мар.2026 14:25:16.848] [Render thread/DEBUG] [net.minecraftforge.registries.GameData/REGISTRIES]: Holder lookups applied: minecraft:int_provider_type
[23мар.2026 14:25:16.848] [Render thread/DEBUG] [net.minecraftforge.registries.GameData/REGISTRIES]: Applying holder lookups: minecraft:height_provider_type
[23мар.2026 14:25:16.848] [Render thread/DEBUG] [net.minecraftforge.registries.GameData/REGISTRIES]: Holder lookups applied: minecraft:height_provider_type
[23мар.2026 14:25:16.848] [Render thread/DEBUG] [net.minecraftforge.registries.GameData/REGISTRIES]: Applying holder lookups: minecraft:block_predicate_type
[23мар.2026 14:25:16.848] [Render thread/DEBUG] [net.minecraftforge.registries.GameData/REGISTRIES]: Holder lookups applied: minecraft:block_predicate_type
[23мар.2026 14:25:16.848] [Render thread/DEBUG] [net.minecraftforge.registries.GameData/REGISTRIES]: Applying holder lookups: minecraft:worldgen/carver
[23мар.2026 14:25:16.848] [Render thread/DEBUG] [net.minecraftforge.registries.GameData/REGISTRIES]: Holder lookups applied: minecraft:worldgen/carver
[23мар.2026 14:25:16.850] [Render thread/DEBUG] [net.minecraftforge.registries.GameData/REGISTRIES]: Applying holder lookups: minecraft:worldgen/feature
[23мар.2026 14:25:16.850] [Render thread/DEBUG] [net.minecraftforge.registries.GameData/REGISTRIES]: Holder lookups applied: minecraft:worldgen/feature
[23мар.2026 14:25:16.850] [Render thread/DEBUG] [net.minecraftforge.registries.GameData/REGISTRIES]: Applying holder lookups: minecraft:worldgen/structure_processor
[23мар.2026 14:25:16.850] [Render thread/DEBUG] [net.minecraftforge.registries.GameData/REGISTRIES]: Holder lookups applied: minecraft:worldgen/structure_processor
[23мар.2026 14:25:16.850] [Render thread/DEBUG] [net.minecraftforge.registries.GameData/REGISTRIES]: Applying holder lookups: minecraft:worldgen/structure_placement
[23мар.2026 14:25:16.851] [Render thread/DEBUG] [net.minecraftforge.registries.GameData/REGISTRIES]: Holder lookups applied: minecraft:worldgen/structure_placement
[23мар.2026 14:25:16.851] [Render thread/DEBUG] [net.minecraftforge.registries.GameData/REGISTRIES]: Applying holder lookups: minecraft:worldgen/structure_piece
[23мар.2026 14:25:16.851] [Render thread/DEBUG] [net.minecraftforge.registries.GameData/REGISTRIES]: Holder lookups applied: minecraft:worldgen/structure_piece
[23мар.2026 14:25:16.851] [Render thread/DEBUG] [net.minecraftforge.registries.GameData/REGISTRIES]: Applying holder lookups: minecraft:worldgen/structure_type
[23мар.2026 14:25:16.851] [Render thread/DEBUG] [net.minecraftforge.registries.GameData/REGISTRIES]: Holder lookups applied: minecraft:worldgen/structure_type
[23мар.2026 14:25:16.851] [Render thread/DEBUG] [net.minecraftforge.registries.GameData/REGISTRIES]: Applying holder lookups: minecraft:worldgen/placement_modifier_type
[23мар.2026 14:25:16.853] [Render thread/DEBUG] [net.minecraftforge.registries.GameData/REGISTRIES]: Holder lookups applied: minecraft:worldgen/placement_modifier_type
[23мар.2026 14:25:16.853] [Render thread/DEBUG] [net.minecraftforge.registries.GameData/REGISTRIES]: Applying holder lookups: minecraft:worldgen/block_state_provider_type
[23мар.2026 14:25:16.853] [Render thread/DEBUG] [net.minecraftforge.registries.GameData/REGISTRIES]: Holder lookups applied: minecraft:worldgen/block_state_provider_type
[23мар.2026 14:25:16.853] [Render thread/DEBUG] [net.minecraftforge.registries.GameData/REGISTRIES]: Applying holder lookups: minecraft:worldgen/foliage_placer_type
[23мар.2026 14:25:16.853] [Render thread/DEBUG] [net.minecraftforge.registries.GameData/REGISTRIES]: Holder lookups applied: minecraft:worldgen/foliage_placer_type
[23мар.2026 14:25:16.853] [Render thread/DEBUG] [net.minecraftforge.registries.GameData/REGISTRIES]: Applying holder lookups: minecraft:worldgen/trunk_placer_type
[23мар.2026 14:25:16.853] [Render thread/DEBUG] [net.minecraftforge.registries.GameData/REGISTRIES]: Holder lookups applied: minecraft:worldgen/trunk_placer_type
[23мар.2026 14:25:16.853] [Render thread/DEBUG] [net.minecraftforge.registries.GameData/REGISTRIES]: Applying holder lookups: minecraft:worldgen/root_placer_type
[23мар.2026 14:25:16.854] [Render thread/DEBUG] [net.minecraftforge.registries.GameData/REGISTRIES]: Holder lookups applied: minecraft:worldgen/root_placer_type
[23мар.2026 14:25:16.854] [Render thread/DEBUG] [net.minecraftforge.registries.GameData/REGISTRIES]: Applying holder lookups: minecraft:worldgen/tree_decorator_type
[23мар.2026 14:25:16.854] [Render thread/DEBUG] [net.minecraftforge.registries.GameData/REGISTRIES]: Holder lookups applied: minecraft:worldgen/tree_decorator_type
[23мар.2026 14:25:16.854] [Render thread/DEBUG] [net.minecraftforge.registries.GameData/REGISTRIES]: Applying holder lookups: minecraft:worldgen/feature_size_type
[23мар.2026 14:25:16.854] [Render thread/DEBUG] [net.minecraftforge.registries.GameData/REGISTRIES]: Holder lookups applied: minecraft:worldgen/feature_size_type
[23мар.2026 14:25:16.854] [Render thread/DEBUG] [net.minecraftforge.registries.GameData/REGISTRIES]: Applying holder lookups: minecraft:worldgen/biome_source
[23мар.2026 14:25:16.854] [Render thread/DEBUG] [net.minecraftforge.registries.GameData/REGISTRIES]: Holder lookups applied: minecraft:worldgen/biome_source
[23мар.2026 14:25:16.854] [Render thread/DEBUG] [net.minecraftforge.registries.GameData/REGISTRIES]: Applying holder lookups: minecraft:worldgen/chunk_generator
[23мар.2026 14:25:16.856] [Render thread/DEBUG] [net.minecraftforge.registries.GameData/REGISTRIES]: Holder lookups applied: minecraft:worldgen/chunk_generator
[23мар.2026 14:25:16.856] [Render thread/DEBUG] [net.minecraftforge.registries.GameData/REGISTRIES]: Applying holder lookups: minecraft:worldgen/material_condition
[23мар.2026 14:25:16.856] [Render thread/DEBUG] [net.minecraftforge.registries.GameData/REGISTRIES]: Holder lookups applied: minecraft:worldgen/material_condition
[23мар.2026 14:25:16.856] [Render thread/DEBUG] [net.minecraftforge.registries.GameData/REGISTRIES]: Applying holder lookups: minecraft:worldgen/material_rule
[23мар.2026 14:25:16.856] [Render thread/DEBUG] [net.minecraftforge.registries.GameData/REGISTRIES]: Holder lookups applied: minecraft:worldgen/material_rule
[23мар.2026 14:25:16.856] [Render thread/DEBUG] [net.minecraftforge.registries.GameData/REGISTRIES]: Applying holder lookups: minecraft:worldgen/density_function_type
[23мар.2026 14:25:16.857] [Render thread/DEBUG] [net.minecraftforge.registries.GameData/REGISTRIES]: Holder lookups applied: minecraft:worldgen/density_function_type
[23мар.2026 14:25:16.857] [Render thread/DEBUG] [net.minecraftforge.registries.GameData/REGISTRIES]: Applying holder lookups: minecraft:worldgen/structure_pool_element
[23мар.2026 14:25:16.857] [Render thread/DEBUG] [net.minecraftforge.registries.GameData/REGISTRIES]: Holder lookups applied: minecraft:worldgen/structure_pool_element
[23мар.2026 14:25:16.857] [Render thread/DEBUG] [net.minecraftforge.registries.GameData/REGISTRIES]: Applying holder lookups: minecraft:cat_variant
[23мар.2026 14:25:16.857] [Render thread/DEBUG] [net.minecraftforge.registries.GameData/REGISTRIES]: Holder lookups applied: minecraft:cat_variant
[23мар.2026 14:25:16.857] [Render thread/DEBUG] [net.minecraftforge.registries.GameData/REGISTRIES]: Applying holder lookups: minecraft:frog_variant
[23мар.2026 14:25:16.859] [Render thread/DEBUG] [net.minecraftforge.registries.GameData/REGISTRIES]: Holder lookups applied: minecraft:frog_variant
[23мар.2026 14:25:16.859] [Render thread/DEBUG] [net.minecraftforge.registries.GameData/REGISTRIES]: Applying holder lookups: minecraft:banner_pattern
[23мар.2026 14:25:16.859] [Render thread/DEBUG] [net.minecraftforge.registries.GameData/REGISTRIES]: Holder lookups applied: minecraft:banner_pattern
[23мар.2026 14:25:16.859] [Render thread/DEBUG] [net.minecraftforge.registries.GameData/REGISTRIES]: Applying holder lookups: minecraft:instrument
[23мар.2026 14:25:16.859] [Render thread/DEBUG] [net.minecraftforge.registries.GameData/REGISTRIES]: Holder lookups applied: minecraft:instrument
[23мар.2026 14:25:16.859] [Render thread/DEBUG] [net.minecraftforge.registries.GameData/REGISTRIES]: Applying holder lookups: minecraft:decorated_pot_patterns
[23мар.2026 14:25:16.860] [Render thread/DEBUG] [net.minecraftforge.registries.GameData/REGISTRIES]: Holder lookups applied: minecraft:decorated_pot_patterns
[23мар.2026 14:25:16.861] [Render thread/DEBUG] [net.minecraftforge.registries.GameData/REGISTRIES]: Applying holder lookups: minecraft:creative_mode_tab
[23мар.2026 14:25:16.861] [Render thread/DEBUG] [net.minecraftforge.registries.GameData/REGISTRIES]: Holder lookups applied: minecraft:creative_mode_tab
[23мар.2026 14:25:16.870] [Render thread/DEBUG] [net.minecraftforge.registries.GameData/REGISTRIES]: Applying holder lookups: forge:biome_modifier_serializers
[23мар.2026 14:25:16.870] [Render thread/DEBUG] [net.minecraftforge.registries.GameData/REGISTRIES]: Holder lookups applied: forge:biome_modifier_serializers
[23мар.2026 14:25:16.872] [Render thread/DEBUG] [net.minecraftforge.registries.GameData/REGISTRIES]: Applying holder lookups: forge:display_contexts
[23мар.2026 14:25:16.872] [Render thread/DEBUG] [net.minecraftforge.registries.GameData/REGISTRIES]: Holder lookups applied: forge:display_contexts
[23мар.2026 14:25:16.872] [Render thread/DEBUG] [net.minecraftforge.registries.GameData/REGISTRIES]: Applying holder lookups: forge:entity_data_serializers
[23мар.2026 14:25:16.873] [Render thread/DEBUG] [net.minecraftforge.registries.GameData/REGISTRIES]: Holder lookups applied: forge:entity_data_serializers
[23мар.2026 14:25:16.878] [Render thread/DEBUG] [net.minecraftforge.registries.GameData/REGISTRIES]: Applying holder lookups: forge:fluid_type
[23мар.2026 14:25:16.879] [Render thread/DEBUG] [net.minecraftforge.registries.GameData/REGISTRIES]: Holder lookups applied: forge:fluid_type
[23мар.2026 14:25:16.881] [Render thread/DEBUG] [net.minecraftforge.registries.GameData/REGISTRIES]: Applying holder lookups: forge:global_loot_modifier_serializers
[23мар.2026 14:25:16.881] [Render thread/DEBUG] [net.minecraftforge.registries.GameData/REGISTRIES]: Holder lookups applied: forge:global_loot_modifier_serializers
[23мар.2026 14:25:16.885] [Render thread/DEBUG] [net.minecraftforge.registries.GameData/REGISTRIES]: Applying holder lookups: forge:holder_set_type
[23мар.2026 14:25:16.885] [Render thread/DEBUG] [net.minecraftforge.registries.GameData/REGISTRIES]: Holder lookups applied: forge:holder_set_type
[23мар.2026 14:25:16.885] [Render thread/DEBUG] [net.minecraftforge.registries.GameData/REGISTRIES]: Applying holder lookups: forge:structure_modifier_serializers
[23мар.2026 14:25:16.887] [Render thread/DEBUG] [net.minecraftforge.registries.GameData/REGISTRIES]: Holder lookups applied: forge:structure_modifier_serializers
[23мар.2026 14:25:16.887] [Render thread/DEBUG] [net.minecraftforge.registries.GameData/REGISTRIES]: Applying holder lookups: irons_spellbooks:schools
[23мар.2026 14:25:16.889] [Render thread/DEBUG] [net.minecraftforge.registries.GameData/REGISTRIES]: Holder lookups applied: irons_spellbooks:schools
[23мар.2026 14:25:16.889] [Render thread/DEBUG] [net.minecraftforge.registries.GameData/REGISTRIES]: Applying holder lookups: irons_spellbooks:spells
[23мар.2026 14:25:16.890] [Render thread/DEBUG] [net.minecraftforge.registries.GameData/REGISTRIES]: Holder lookups applied: irons_spellbooks:spells
[23мар.2026 14:25:16.890] [Render thread/DEBUG] [net.minecraftforge.registries.GameData/REGISTRIES]: Applying holder lookups: minecraft:worldgen/biome
[23мар.2026 14:25:16.890] [Render thread/DEBUG] [net.minecraftforge.registries.GameData/REGISTRIES]: Holder lookups applied: minecraft:worldgen/biome
[23мар.2026 14:25:16.912] [Render thread/DEBUG] [mixin/]: Mixing compat116plus.TargetPredicateMixin from pehkui.mixins.json into net.minecraft.world.entity.ai.targeting.TargetingConditions
[23мар.2026 14:25:16.971] [Render thread/DEBUG] [io.redspace.ironsspellbooks.IronsSpellbooks/]: addPackFinders
[23мар.2026 14:25:16.988] [Render thread/DEBUG] [net.minecraftforge.client.loading.ClientModLoader/CORE]: Generating PackInfo named mod:pehkui for mod file C:\Users\Sanek\.gradle\caches\forge_gradle\deobf_dependencies\curse\maven\pehkui-319596\4641059_mapped_official_1.20.1\pehkui-319596-4641059_mapped_official_1.20.1.jar
[23мар.2026 14:25:16.988] [Render thread/DEBUG] [net.minecraftforge.client.loading.ClientModLoader/CORE]: Generating PackInfo named mod:caelus for mod file C:\Users\Sanek\.gradle\caches\forge_gradle\deobf_dependencies\curse\maven\caelus-308989\5281700_mapped_official_1.20.1\caelus-308989-5281700_mapped_official_1.20.1.jar
[23мар.2026 14:25:16.988] [Render thread/DEBUG] [net.minecraftforge.client.loading.ClientModLoader/CORE]: Generating PackInfo named mod:forge for mod file /
[23мар.2026 14:25:16.990] [Render thread/DEBUG] [net.minecraftforge.client.loading.ClientModLoader/CORE]: Generating PackInfo named mod:curios for mod file C:\Users\Sanek\.gradle\caches\forge_gradle\deobf_dependencies\curse\maven\curios-309927\6418456_mapped_official_1.20.1\curios-309927-6418456_mapped_official_1.20.1.jar
[23мар.2026 14:25:16.990] [Render thread/DEBUG] [net.minecraftforge.client.loading.ClientModLoader/CORE]: Generating PackInfo named mod:kleiders_custom_renderer for mod file C:\Users\Sanek\.gradle\caches\forge_gradle\deobf_dependencies\curse\maven\kleiders-custom-renderer-api-682065\6475112_mapped_official_1.20.1\kleiders-custom-renderer-api-682065-6475112_mapped_official_1.20.1.jar
[23мар.2026 14:25:16.990] [Render thread/DEBUG] [net.minecraftforge.client.loading.ClientModLoader/CORE]: Generating PackInfo named mod:geckolib for mod file C:\Users\Sanek\.gradle\caches\forge_gradle\deobf_dependencies\curse\maven\geckolib-388172\6789487_mapped_official_1.20.1\geckolib-388172-6789487_mapped_official_1.20.1.jar
[23мар.2026 14:25:16.990] [Render thread/DEBUG] [net.minecraftforge.client.loading.ClientModLoader/CORE]: Generating PackInfo named mod:playeranimator for mod file C:\Users\Sanek\.gradle\caches\forge_gradle\deobf_dependencies\curse\maven\playeranimator-658587\4587214_mapped_official_1.20.1\playeranimator-658587-4587214_mapped_official_1.20.1.jar
[23мар.2026 14:25:16.990] [Render thread/DEBUG] [net.minecraftforge.client.loading.ClientModLoader/CORE]: Generating PackInfo named mod:irons_spellbooks for mod file C:\Users\Sanek\.gradle\caches\forge_gradle\deobf_dependencies\curse\maven\irons-spells-n-spellbooks-855414\6833927_mapped_official_1.20.1\irons-spells-n-spellbooks-855414-6833927_mapped_official_1.20.1.jar
[23мар.2026 14:25:16.990] [Render thread/DEBUG] [net.minecraftforge.client.loading.ClientModLoader/CORE]: Generating PackInfo named mod:simpleraces for mod file C:\Users\Sanek\OneDrive\Рабочий стол\simple_races\build\resources\main
[23мар.2026 14:25:16.992] [Render thread/DEBUG] [net.minecraftforge.client.loading.ClientModLoader/CORE]: Generating PackInfo named mod:weightmod for mod file C:\Users\Sanek\OneDrive\Рабочий стол\simple_races\run\libs\weightmod-1.0.0-deobf.jar
[23мар.2026 14:25:17.001] [Render thread/DEBUG] [mixin/]: Mixing client.TextureManagerMixin from geckolib.mixins.json into net.minecraft.client.renderer.texture.TextureManager
[23мар.2026 14:25:17.013] [Render thread/DEBUG] [mixin/]: Mixing DataFixLevelStorageSourceMixin from mixins.irons_spellbooks.json into net.minecraft.world.level.storage.LevelStorageSource
[23мар.2026 14:25:17.118] [Render thread/DEBUG] [mixin/]: Mixing client.compat1194plus.ItemRendererMixin from pehkui.mixins.json into net.minecraft.client.renderer.entity.ItemRenderer
[23мар.2026 14:25:17.181] [Render thread/DEBUG] [mixin/]: Mixing client.compat115plus.EntityRenderDispatcherMixin from pehkui.mixins.json into net.minecraft.client.renderer.entity.EntityRenderDispatcher
[23мар.2026 14:25:17.181] [Render thread/DEBUG] [mixin/]: Mixing client.compat117plus.EntityRenderDispatcherMixin from pehkui.mixins.json into net.minecraft.client.renderer.entity.EntityRenderDispatcher
[23мар.2026 14:25:17.182] [Render thread/DEBUG] [mixin/]: Mixing firstPerson.EntityRenderDispatcherMixin from playerAnimator-common.mixins.json into net.minecraft.client.renderer.entity.EntityRenderDispatcher
[23мар.2026 14:25:17.182] [Render thread/DEBUG] [mixin/]: playerAnimator-common.mixins.json:firstPerson.EntityRenderDispatcherMixin: Class version 61 required is higher than the class version supported by the current version of Mixin (JAVA_16 supports class version 60)
[23мар.2026 14:25:17.298] [Render thread/DEBUG] [mixin/]: Mixing firstPerson.ItemInHandRendererMixin from playerAnimator-common.mixins.json into net.minecraft.client.renderer.ItemInHandRenderer
[23мар.2026 14:25:17.298] [Render thread/DEBUG] [mixin/]: playerAnimator-common.mixins.json:firstPerson.ItemInHandRendererMixin: Class version 61 required is higher than the class version supported by the current version of Mixin (JAVA_16 supports class version 60)
[23мар.2026 14:25:17.329] [Render thread/DEBUG] [mixin/]: Mixing client.compat115plus.WorldRendererMixin from pehkui.mixins.json into net.minecraft.client.renderer.LevelRenderer
[23мар.2026 14:25:17.330] [Render thread/DEBUG] [mixin/]: Mixing firstPerson.LevelRendererMixin from playerAnimator-common.mixins.json into net.minecraft.client.renderer.LevelRenderer
[23мар.2026 14:25:17.330] [Render thread/DEBUG] [mixin/]: playerAnimator-common.mixins.json:firstPerson.LevelRendererMixin: Class version 61 required is higher than the class version supported by the current version of Mixin (JAVA_16 supports class version 60)
[23мар.2026 14:25:17.407] [Render thread/DEBUG] [mixin/]: Mixing ParticleMixin from mixins.irons_spellbooks.json into net.minecraft.client.particle.Particle
[23мар.2026 14:25:17.408] [Render thread/DEBUG] [mixin/]: Renaming synthetic method lambda$mixin$0(Ljava/util/List;Lio/redspace/ironsspellbooks/entity/spells/AbstractShieldEntity;)V to md7bd566$lambda$mixin$0$0 in mixins.irons_spellbooks.json:ParticleMixin
[23мар.2026 14:25:17.542] [Render thread/INFO] [net.minecraftforge.gametest.ForgeGameTestHooks/]: Enabled Gametest Namespaces: [simpleraces]
[23мар.2026 14:25:17.584] [Render thread/DEBUG] [mixin/]: Mixing client.compat115plus.MobEntityRendererMixin from pehkui.mixins.json into net.minecraft.client.renderer.entity.MobRenderer
[23мар.2026 14:25:17.604] [Render thread/DEBUG] [mixin/]: Mixing HeldItemMixin from playerAnimator-common.mixins.json into net.minecraft.client.renderer.entity.layers.ItemInHandLayer
[23мар.2026 14:25:17.604] [Render thread/DEBUG] [mixin/]: playerAnimator-common.mixins.json:HeldItemMixin: Class version 61 required is higher than the class version supported by the current version of Mixin (JAVA_16 supports class version 60)
[23мар.2026 14:25:17.633] [Render thread/DEBUG] [mixin/]: Mixing ArmorFeatureRendererMixin from playerAnimator-common.mixins.json into net.minecraft.client.renderer.entity.layers.HumanoidArmorLayer
[23мар.2026 14:25:17.633] [Render thread/DEBUG] [mixin/]: playerAnimator-common.mixins.json:ArmorFeatureRendererMixin: Class version 61 required is higher than the class version supported by the current version of Mixin (JAVA_16 supports class version 60)
[23мар.2026 14:25:17.691] [Render thread/DEBUG] [mixin/]: Mixing client.compat115plus.ItemFrameEntityRendererMixin from pehkui.mixins.json into net.minecraft.client.renderer.entity.ItemFrameRenderer
[23мар.2026 14:25:17.747] [Render thread/DEBUG] [mixin/]: Mixing client.compat115plus.ShulkerEntityRendererMixin from pehkui.mixins.json into net.minecraft.client.renderer.entity.ShulkerRenderer
[23мар.2026 14:25:18.041] [Render thread/INFO] [net.minecraft.server.packs.resources.ReloadableResourceManager/]: Reloading ResourceManager: vanilla, mod_resources
[23мар.2026 14:25:18.090] [modloading-worker-0/DEBUG] [net.minecraftforge.fml.config.ConfigTracker/CONFIG]: Loading configs type CLIENT
[23мар.2026 14:25:18.098] [modloading-worker-0/DEBUG] [net.minecraftforge.fml.config.ConfigFileTypeHandler/CONFIG]: Built TOML config for C:\Users\Sanek\OneDrive\Рабочий стол\simple_races\run\config\curios-client.toml
[23мар.2026 14:25:18.098] [modloading-worker-0/DEBUG] [net.minecraftforge.fml.config.ConfigFileTypeHandler/CONFIG]: Loaded TOML config file C:\Users\Sanek\OneDrive\Рабочий стол\simple_races\run\config\curios-client.toml
[23мар.2026 14:25:18.111] [modloading-worker-0/DEBUG] [net.minecraftforge.fml.config.ConfigFileTypeHandler/CONFIG]: Watching TOML config file C:\Users\Sanek\OneDrive\Рабочий стол\simple_races\run\config\curios-client.toml for changes
[23мар.2026 14:25:18.122] [modloading-worker-0/DEBUG] [net.minecraftforge.fml.config.ConfigFileTypeHandler/CONFIG]: Built TOML config for C:\Users\Sanek\OneDrive\Рабочий стол\simple_races\run\config\pehkui-client.toml
[23мар.2026 14:25:18.122] [modloading-worker-0/DEBUG] [net.minecraftforge.fml.config.ConfigFileTypeHandler/CONFIG]: Loaded TOML config file C:\Users\Sanek\OneDrive\Рабочий стол\simple_races\run\config\pehkui-client.toml
[23мар.2026 14:25:18.122] [modloading-worker-0/DEBUG] [net.minecraftforge.fml.config.ConfigFileTypeHandler/CONFIG]: Watching TOML config file C:\Users\Sanek\OneDrive\Рабочий стол\simple_races\run\config\pehkui-client.toml for changes
[23мар.2026 14:25:18.123] [modloading-worker-0/DEBUG] [net.minecraftforge.fml.config.ConfigFileTypeHandler/CONFIG]: Built TOML config for C:\Users\Sanek\OneDrive\Рабочий стол\simple_races\run\config\forge-client.toml
[23мар.2026 14:25:18.125] [modloading-worker-0/DEBUG] [net.minecraftforge.fml.config.ConfigFileTypeHandler/CONFIG]: Loaded TOML config file C:\Users\Sanek\OneDrive\Рабочий стол\simple_races\run\config\forge-client.toml
[23мар.2026 14:25:18.125] [modloading-worker-0/DEBUG] [net.minecraftforge.fml.config.ConfigFileTypeHandler/CONFIG]: Watching TOML config file C:\Users\Sanek\OneDrive\Рабочий стол\simple_races\run\config\forge-client.toml for changes
[23мар.2026 14:25:18.125] [modloading-worker-0/DEBUG] [net.minecraftforge.common.ForgeConfig/FORGEMOD]: Loaded forge config file forge-client.toml
[23мар.2026 14:25:18.126] [modloading-worker-0/DEBUG] [net.minecraftforge.fml.config.ConfigFileTypeHandler/CONFIG]: Built TOML config for C:\Users\Sanek\OneDrive\Рабочий стол\simple_races\run\config\irons_spellbooks-client.toml
[23мар.2026 14:25:18.126] [modloading-worker-0/DEBUG] [net.minecraftforge.fml.config.ConfigFileTypeHandler/CONFIG]: Loaded TOML config file C:\Users\Sanek\OneDrive\Рабочий стол\simple_races\run\config\irons_spellbooks-client.toml
[23мар.2026 14:25:18.126] [modloading-worker-0/DEBUG] [net.minecraftforge.fml.config.ConfigFileTypeHandler/CONFIG]: Watching TOML config file C:\Users\Sanek\OneDrive\Рабочий стол\simple_races\run\config\irons_spellbooks-client.toml for changes
[23мар.2026 14:25:18.129] [modloading-worker-0/DEBUG] [net.minecraftforge.fml.config.ConfigTracker/CONFIG]: Loading configs type COMMON
[23мар.2026 14:25:18.129] [modloading-worker-0/DEBUG] [net.minecraftforge.fml.config.ConfigFileTypeHandler/CONFIG]: Built TOML config for C:\Users\Sanek\OneDrive\Рабочий стол\simple_races\run\config\weightmod-common.toml
[23мар.2026 14:25:18.131] [modloading-worker-0/DEBUG] [net.minecraftforge.fml.config.ConfigFileTypeHandler/CONFIG]: Loaded TOML config file C:\Users\Sanek\OneDrive\Рабочий стол\simple_races\run\config\weightmod-common.toml
[23мар.2026 14:25:18.131] [modloading-worker-0/DEBUG] [net.minecraftforge.fml.config.ConfigFileTypeHandler/CONFIG]: Watching TOML config file C:\Users\Sanek\OneDrive\Рабочий стол\simple_races\run\config\weightmod-common.toml for changes
[23мар.2026 14:25:18.135] [modloading-worker-0/DEBUG] [net.minecraftforge.fml.config.ConfigFileTypeHandler/CONFIG]: Built TOML config for C:\Users\Sanek\OneDrive\Рабочий стол\simple_races\run\config\curios-common.toml
[23мар.2026 14:25:18.137] [modloading-worker-0/DEBUG] [net.minecraftforge.fml.config.ConfigFileTypeHandler/CONFIG]: Loaded TOML config file C:\Users\Sanek\OneDrive\Рабочий стол\simple_races\run\config\curios-common.toml
[23мар.2026 14:25:18.137] [modloading-worker-0/DEBUG] [net.minecraftforge.fml.config.ConfigFileTypeHandler/CONFIG]: Watching TOML config file C:\Users\Sanek\OneDrive\Рабочий стол\simple_races\run\config\curios-common.toml for changes
[23мар.2026 14:25:18.138] [modloading-worker-0/DEBUG] [net.minecraftforge.fml.config.ConfigFileTypeHandler/CONFIG]: Built TOML config for C:\Users\Sanek\OneDrive\Рабочий стол\simple_races\run\config\pehkui-common.toml
[23мар.2026 14:25:18.138] [modloading-worker-0/DEBUG] [net.minecraftforge.fml.config.ConfigFileTypeHandler/CONFIG]: Loaded TOML config file C:\Users\Sanek\OneDrive\Рабочий стол\simple_races\run\config\pehkui-common.toml
[23мар.2026 14:25:18.138] [modloading-worker-0/DEBUG] [net.minecraftforge.fml.config.ConfigFileTypeHandler/CONFIG]: Watching TOML config file C:\Users\Sanek\OneDrive\Рабочий стол\simple_races\run\config\pehkui-common.toml for changes
[23мар.2026 14:25:18.138] [modloading-worker-0/DEBUG] [net.minecraftforge.fml.config.ConfigFileTypeHandler/CONFIG]: Built TOML config for C:\Users\Sanek\OneDrive\Рабочий стол\simple_races\run\config\Simple RPG Races.toml
[23мар.2026 14:25:18.140] [modloading-worker-0/DEBUG] [net.minecraftforge.fml.config.ConfigFileTypeHandler/CONFIG]: Loaded TOML config file C:\Users\Sanek\OneDrive\Рабочий стол\simple_races\run\config\Simple RPG Races.toml
[23мар.2026 14:25:18.141] [modloading-worker-0/DEBUG] [net.minecraftforge.fml.config.ConfigFileTypeHandler/CONFIG]: Watching TOML config file C:\Users\Sanek\OneDrive\Рабочий стол\simple_races\run\config\Simple RPG Races.toml for changes
[23мар.2026 14:25:18.141] [modloading-worker-0/WARN] [net.minecraftforge.common.ForgeConfigSpec/CORE]: Configuration file C:\Users\Sanek\OneDrive\Рабочий стол\simple_races\run\config\Simple RPG Races.toml is not correct. Correcting
[23мар.2026 14:25:18.143] [modloading-worker-0/WARN] [net.minecraftforge.common.ForgeConfigSpec/CORE]: Incorrect key Drakonid Class Attributes.drakonid_fall_multiply was corrected from 0.8 to its default, 0.8. 
[23мар.2026 14:25:18.144] [modloading-worker-0/WARN] [net.minecraftforge.common.ForgeConfigSpec/CORE]: Incorrect key Fairy Class Attributes.fairy_fall_multiply was corrected from 0.75 to its default, 0.75. 
[23мар.2026 14:25:18.144] [modloading-worker-0/WARN] [net.minecraftforge.common.ForgeConfigSpec/CORE]: Incorrect key Fairy Class Attributes.fairy_fly_speed_multiply was corrected from 1.0 to its default, 1.0. 
[23мар.2026 14:25:18.152] [Thread-3/DEBUG] [net.minecraftforge.fml.config.ConfigFileTypeHandler/CONFIG]: Config file weightmod-common.toml changed, sending notifies
[23мар.2026 14:25:18.219] [Worker-Main-4/WARN] [net.minecraft.client.sounds.SoundManager/]: File irons_spellbooks:sounds/dead_king/music/drums.ogg does not exist, cannot add it to event irons_spellbooks:entity.dead_king.music.drum_loop
[23мар.2026 14:25:18.219] [Worker-Main-4/WARN] [net.minecraft.client.sounds.SoundManager/]: File irons_spellbooks:sounds/dead_king/music/finale.ogg does not exist, cannot add it to event irons_spellbooks:entity.dead_king.music.finale
[23мар.2026 14:25:18.263] [Worker-Main-10/INFO] [net.minecraft.client.gui.font.providers.UnihexProvider/]: Found unifont_all_no_pua-15.0.06.hex, loading
[23мар.2026 14:25:18.331] [Worker-Main-8/DEBUG] [mixin/]: Mixing MixinSlotAttribute from curios.mixins.json into top.theillusivec4.curios.api.SlotAttribute
[23мар.2026 14:25:18.341] [Render thread/INFO] [net.minecraft.client.Minecraft/]: Stopping!
[23мар.2026 14:25:18.343] [Worker-Main-8/DEBUG] [mixin/]: Mixing MixinCuriosApi from curios.mixins.json into top.theillusivec4.curios.api.CuriosApi
[23мар.2026 14:25:18.409] [Worker-Main-7/WARN] [net.minecraft.client.renderer.texture.SpriteContents/]: Unused frames in sprite irons_spellbooks:item/upgrade_orb_ender: [1, 5, 6, 7]
[23мар.2026 14:25:18.415] [Worker-Main-5/WARN] [net.minecraft.client.renderer.texture.SpriteContents/]: Unused frames in sprite irons_spellbooks:item/energized_core_energy: [11]
[23мар.2026 14:25:18.430] [Forge Version Check/INFO] [net.minecraftforge.fml.VersionChecker/]: [forge] Starting version check at https://files.minecraftforge.net/net/minecraftforge/forge/promotions_slim.json
[23мар.2026 14:25:18.506] [Worker-Main-8/DEBUG] [mixin/]: Mixing PlayerManagerMixin from pehkui.mixins.json into net.minecraft.server.players.PlayerList
[23мар.2026 14:25:18.948] [Forge Version Check/DEBUG] [net.minecraftforge.fml.VersionChecker/]: [forge] Received version check data:
{
  "homepage": "https://files.minecraftforge.net/net/minecraftforge/forge/",
  "promos": {
    "1.1-latest": "1.3.4.29",
    "1.2.3-latest": "1.4.1.64",
    "1.2.4-latest": "2.0.0.68",
    "1.2.5-latest": "3.4.9.171",
    "1.3.2-latest": "4.3.5.318",
    "1.4.0-latest": "5.0.0.326",
    "1.4.1-latest": "6.0.0.329",
    "1.4.2-latest": "6.0.1.355",
    "1.4.3-latest": "6.2.1.358",
    "1.4.4-latest": "6.3.0.378",
    "1.4.5-latest": "6.4.2.448",
    "1.4.6-latest": "6.5.0.489",
    "1.4.7-latest": "6.6.2.534",
    "1.5-latest": "7.7.0.598",
    "1.5.1-latest": "7.7.2.682",
    "1.5.2-latest": "7.8.1.738",
    "1.5.2-recommended": "7.8.1.738",
    "1.6.1-latest": "8.9.0.775",
    "1.6.2-latest": "9.10.1.871",
    "1.6.2-recommended": "9.10.1.871",
    "1.6.3-latest": "9.11.0.878",
    "1.6.4-latest": "9.11.1.1345",
    "1.6.4-recommended": "9.11.1.1345",
    "1.7.2-latest": "10.12.2.1161",
    "1.7.2-recommended": "10.12.2.1161",
    "1.7.10-latest": "10.13.4.1614",
    "1.7.10-recommended": "10.13.4.1614",
    "1.8-latest": "11.14.4.1577",
    "1.8-recommended": "11.14.4.1563",
    "1.8.8-latest": "11.15.0.1655",
    "1.8.9-latest": "11.15.1.2318",
    "1.8.9-recommended": "11.15.1.2318",
    "1.9-latest": "12.16.1.1938",
    "1.9-recommended": "12.16.1.1887",
    "1.9.4-latest": "12.17.0.2317",
    "1.9.4-recommended": "12.17.0.2317",
    "1.10-latest": "12.18.0.2000",
    "1.10.2-latest": "12.18.3.2511",
    "1.10.2-recommended": "12.18.3.2511",
    "1.11-latest": "13.19.1.2199",
    "1.11-recommended": "13.19.1.2189",
    "1.11.2-latest": "13.20.1.2588",
    "1.11.2-recommended": "13.20.1.2588",
    "1.12-latest": "14.21.1.2443",
    "1.12-recommended": "14.21.1.2387",
    "1.12.1-latest": "14.22.1.2485",
    "1.12.1-recommended": "14.22.1.2478",
    "1.12.2-latest": "14.23.5.2864",
    "1.12.2-recommended": "14.23.5.2859",
    "1.13.2-latest": "25.0.223",
    "1.14.2-latest": "26.0.63",
    "1.14.3-latest": "27.0.60",
    "1.14.4-latest": "28.2.28",
    "1.14.4-recommended": "28.2.26",
    "1.15-latest": "29.0.4",
    "1.15.1-latest": "30.0.51",
    "1.15.2-latest": "31.2.60",
    "1.15.2-recommended": "31.2.57",
    "1.16.1-latest": "32.0.108",
    "1.16.2-latest": "33.0.61",
    "1.16.3-latest": "34.1.42",
    "1.16.3-recommended": "34.1.0",
    "1.16.4-latest": "35.1.37",
    "1.16.4-recommended": "35.1.4",
    "1.16.5-latest": "36.2.42",
    "1.16.5-recommended": "36.2.34",
    "1.17.1-latest": "37.1.1",
    "1.17.1-recommended": "37.1.1",
    "1.18-latest": "38.0.17",
    "1.18.1-latest": "39.1.2",
    "1.18.1-recommended": "39.1.0",
    "1.18.2-recommended": "40.3.0",
    "1.18.2-latest": "40.3.12",
    "1.19-latest": "41.1.0",
    "1.19-recommended": "41.1.0",
    "1.19.1-latest": "42.0.9",
    "1.19.2-recommended": "43.5.0",
    "1.19.2-latest": "43.5.2",
    "1.19.3-latest": "44.1.23",
    "1.19.3-recommended": "44.1.0",
    "1.19.4-recommended": "45.4.0",
    "1.19.4-latest": "45.4.3",
    "1.20-latest": "46.0.14",
    "1.20.1-recommended": "47.4.10",
    "1.20.1-latest": "47.4.18",
    "1.20.2-latest": "48.1.0",
    "1.20.2-recommended": "48.1.0",
    "1.20.3-latest": "49.0.2",
    "1.20.4-latest": "49.2.7",
    "1.20.4-recommended": "49.2.0",
    "1.20.6-latest": "50.2.7",
    "1.20.6-recommended": "50.2.0",
    "1.21-latest": "51.0.33",
    "1.21.1-latest": "52.1.13",
    "1.21.1-recommended": "52.1.0",
    "1.21.3-latest": "53.1.10",
    "1.21.3-recommended": "53.1.0",
    "1.21.4-latest": "54.1.15",
    "1.21.4-recommended": "54.1.0",
    "1.21.5-latest": "55.1.9",
    "1.21.5-recommended": "55.1.0",
    "1.21.6-latest": "56.0.9",
    "1.21.7-latest": "57.0.3",
    "1.21.8-latest": "58.1.17",
    "1.21.8-recommended": "58.1.0",
    "1.21.9-latest": "59.0.5",
    "1.21.10-latest": "60.1.9",
    "1.21.10-recommended": "60.1.0",
    "1.21.11-latest": "61.1.4",
    "1.21.11-recommended": "61.1.0"
  }
}
[23мар.2026 14:25:18.950] [Forge Version Check/INFO] [net.minecraftforge.fml.VersionChecker/]: [forge] Found status: OUTDATED Current: 47.4.0 Target: 47.4.10
[23мар.2026 14:25:18.990] [Worker-Main-13/WARN] [net.minecraft.client.resources.model.ModelBakery/]: Unable to load model: 'irons_spellbooks:item/magehunter_normal' referenced from: irons_spellbooks:item/magehunter_normal: java.io.FileNotFoundException: irons_spellbooks:models/item/magehunter_normal.json
[23мар.2026 14:25:18.990] [Worker-Main-13/WARN] [net.minecraft.client.resources.model.ModelBakery/]: Unable to load model: 'irons_spellbooks:item/truthseeker_gui' referenced from: irons_spellbooks:item/truthseeker_gui: java.io.FileNotFoundException: irons_spellbooks:models/item/truthseeker_gui.json
[23мар.2026 14:25:18.990] [Worker-Main-13/WARN] [net.minecraft.client.resources.model.ModelBakery/]: Unable to load model: 'irons_spellbooks:item/keeper_flamberge_normal' referenced from: irons_spellbooks:item/keeper_flamberge_normal: java.io.FileNotFoundException: irons_spellbooks:models/item/keeper_flamberge_normal.json
[23мар.2026 14:25:18.990] [Worker-Main-13/WARN] [net.minecraft.client.resources.model.ModelBakery/]: Unable to load model: 'irons_spellbooks:item/magehunter_gui' referenced from: irons_spellbooks:item/magehunter_gui: java.io.FileNotFoundException: irons_spellbooks:models/item/magehunter_gui.json
[23мар.2026 14:25:18.990] [Worker-Main-13/WARN] [net.minecraft.client.resources.model.ModelBakery/]: Unable to load model: 'irons_spellbooks:item/truthseeker_normal' referenced from: irons_spellbooks:item/truthseeker_normal: java.io.FileNotFoundException: irons_spellbooks:models/item/truthseeker_normal.json
[23мар.2026 14:25:18.990] [Worker-Main-13/WARN] [net.minecraft.client.resources.model.ModelBakery/]: Unable to load model: 'irons_spellbooks:item/keeper_flamberge_gui' referenced from: irons_spellbooks:item/keeper_flamberge_gui: java.io.FileNotFoundException: irons_spellbooks:models/item/keeper_flamberge_gui.json
[23мар.2026 14:25:19.565] [Worker-Main-13/DEBUG] [io.redspace.ironsspellbooks.IronsSpellbooks/]: replaceItemModels irons_spellbooks:scroll#inventory: class net.minecraft.client.resources.model.SimpleBakedModel
[23мар.2026 14:25:21.334] [Render thread/ERROR] [net.minecraft.client.Minecraft/]: Shutdown failure!
java.util.ConcurrentModificationException: null
	at java.util.HashMap.forEach(HashMap.java:1424) ~[?:?]
	at net.minecraft.client.renderer.texture.TextureManager.close(TextureManager.java:178) ~[forge-1.20.1-47.4.0_mapped_official_1.20.1.jar:?]
	at net.minecraft.client.Minecraft.close(Minecraft.java:1070) ~[forge-1.20.1-47.4.0_mapped_official_1.20.1.jar:?]
	at net.minecraft.client.Minecraft.destroy(Minecraft.java:1043) ~[forge-1.20.1-47.4.0_mapped_official_1.20.1.jar:?]
	at net.minecraft.client.main.Main.main(Main.java:234) ~[forge-1.20.1-47.4.0_mapped_official_1.20.1.jar:?]
	at jdk.internal.reflect.NativeMethodAccessorImpl.invoke0(Native Method) ~[?:?]
	at jdk.internal.reflect.NativeMethodAccessorImpl.invoke(NativeMethodAccessorImpl.java:77) ~[?:?]
	at jdk.internal.reflect.DelegatingMethodAccessorImpl.invoke(DelegatingMethodAccessorImpl.java:43) ~[?:?]
	at java.lang.reflect.Method.invoke(Method.java:569) ~[?:?]
	at net.minecraftforge.fml.loading.targets.CommonLaunchHandler.runTarget(CommonLaunchHandler.java:111) ~[fmlloader-1.20.1-47.4.0.jar:?]
	at net.minecraftforge.fml.loading.targets.CommonLaunchHandler.clientService(CommonLaunchHandler.java:99) ~[fmlloader-1.20.1-47.4.0.jar:?]
	at net.minecraftforge.fml.loading.targets.ForgeClientUserdevLaunchHandler.devService(ForgeClientUserdevLaunchHandler.java:19) ~[fmlloader-1.20.1-47.4.0.jar:?]
	at net.minecraftforge.fml.loading.targets.CommonDevLaunchHandler.lambda$makeService$7(CommonDevLaunchHandler.java:135) ~[fmlloader-1.20.1-47.4.0.jar:?]
	at cpw.mods.modlauncher.LaunchServiceHandlerDecorator.launch(LaunchServiceHandlerDecorator.java:30) ~[modlauncher-10.0.9.jar:?]
	at cpw.mods.modlauncher.LaunchServiceHandler.launch(LaunchServiceHandler.java:53) ~[modlauncher-10.0.9.jar:?]
	at cpw.mods.modlauncher.LaunchServiceHandler.launch(LaunchServiceHandler.java:71) ~[modlauncher-10.0.9.jar:?]
	at cpw.mods.modlauncher.Launcher.run(Launcher.java:108) ~[modlauncher-10.0.9.jar:?]
	at cpw.mods.modlauncher.Launcher.main(Launcher.java:78) ~[modlauncher-10.0.9.jar:?]
	at cpw.mods.modlauncher.BootstrapLaunchConsumer.accept(BootstrapLaunchConsumer.java:26) ~[modlauncher-10.0.9.jar:?]
	at cpw.mods.modlauncher.BootstrapLaunchConsumer.accept(BootstrapLaunchConsumer.java:23) ~[modlauncher-10.0.9.jar:?]
	at cpw.mods.bootstraplauncher.BootstrapLauncher.main(BootstrapLauncher.java:141) ~[bootstraplauncher-1.1.2.jar:?]
